RAIN4PE,CCCma-CanESM2_lsraw,CCCma-CanESM2_lsraw,CCCma-CanESM2_lsraw,CCCma-CanESM2_lsraw,CCCma-CanESM2_lsraw,CCCma-CanESM2_lsraw,CCCma-CanESM2_lsraw,CCCma-CanESM2_lsraw,CCCma-CanESM2_lsraw,CCCma-CanESM2_lsraw,CCCma-CanESM2_ls,CCCma-CanESM2_ls,CCCma-CanESM2_ls,CCCma-CanESM2_ls,CCCma-CanESM2_ls,CCCma-CanESM2_ls,CCCma-CanESM2_ls,CCCma-CanESM2_ls,CCCma-CanESM2_ls,CCCma-CanESM2_ls,CCCma-CanESM2-ptraw,CCCma-CanESM2-ptraw,CCCma-CanESM2-ptraw,CCCma-CanESM2-ptraw,CCCma-CanESM2-ptraw,CCCma-CanESM2-ptraw,CCCma-CanESM2-ptraw,CCCma-CanESM2-ptraw,CCCma-CanESM2-ptraw,CCCma-CanESM2-ptraw,CCCma-CanESM2_pt,CCCma-CanESM2_pt,CCCma-CanESM2_pt,CCCma-CanESM2_pt,CCCma-CanESM2_pt,CCCma-CanESM2_pt,CCCma-CanESM2_pt,CCCma-CanESM2_pt,CCCma-CanESM2_pt,CCCma-CanESM2_pt
171.04,421.97,171.32,131.35,67.81,69.96,16.87,131.22,138.91,132.71,59.99,288.78,155.99,164.7,113.65,117.72,60.95,163.64,169.04,197.12,154.95,421.97,171.32,131.35,67.81,69.96,16.87,131.22,138.91,132.71,59.99,286.67,161.87,164.1,113.16,125.47,77.99,163.55,172.52,218.45,157.92
235.69,321.42,306.88,102.52,111.23,70.3,33.02,54.05,109.34,94.36,103.85,207.37,258.34,141.58,158.95,128.09,80.38,79.93,150.69,127.2,164.69,321.42,306.88,102.52,111.23,70.3,33.02,54.05,109.34,94.36,103.85,214.01,232.17,135.25,155.94,129.1,103.94,89.92,150.95,124.14,164.84
134.8,198.14,38.02,100.74,50.85,99.07,18.83,32.09,101.48,154.8,142.51,156.06,68.99,159.69,100.28,194.06,42.13,65.06,150.08,228.92,220.87,198.14,38.02,100.74,50.85,99.07,18.83,32.09,101.48,154.8,142.51,156.38,88.56,156.45,104.62,182.3,62.79,79.62,150.4,269.41,225.69
46.92,81.73,49.14,52.83,27.06,63.48,83.57,25.79,117.57,42.03,67.56,43.69,58.77,53.5,36.61,101.21,54.37,52.25,124.92,54.24,81.76,81.73,49.14,52.83,27.06,63.48,83.57,25.79,117.57,42.03,67.56,43.32,59.49,53.35,33.38,97.89,56.62,52.38,114.91,55.09,81.35
5.94,173.52,81.49,39.35,18.02,34.78,36.88,7.7,14.54,25.78,5.08,32.04,29.88,33.33,12.25,42.49,8.2,11.6,21.23,33.8,13.61,173.52,81.49,39.35,18.02,34.78,36.88,7.7,14.54,25.78,5.08,33.01,45.68,49.88,9.09,56.84,4.96,7.9,20.7,32.21,13.75
5.22,94.24,55.16,16.88,19.72,27.38,27.7,1.19,19.46,0.71,0.34,14.85,22.32,13.15,11.9,27.07,4.17,1.29,21.19,1.99,4.18,94.24,55.16,16.88,19.72,27.38,27.7,1.19,19.46,0.71,0.34,10.69,19.06,9.97,10.81,33.51,1.66,0.22,20,2.56,9.73
3.4,194.11,15.91,8.1,8.26,16.19,141.21,14.79,14.25,10.9,1.28,16.84,4.34,4.92,4.16,10.38,19.82,8.77,12.86,21.89,5.95,194.11,15.91,8.1,8.26,16.19,141.21,14.79,14.25,10.9,1.28,16.72,1.51,2.35,2.94,8.35,23.38,6.48,9.53,22.46,11.19
70.58,266.89,90.73,17.97,44.01,28.61,153.76,17.21,9.58,11.36,11.1,40.64,25.35,14.75,25.01,19.06,55.51,15.5,8.33,32.27,60.02,266.89,90.73,17.97,44.01,28.61,153.76,17.21,9.58,11.36,11.1,56.24,12.67,12.22,12.06,12.07,62.51,10.38,2.77,38.25,58.47
62.21,155.77,81.36,34.1,121.29,46.29,156.7,39.19,74.64,30.85,1.41,26.39,28.64,31.39,66.4,36.26,175.76,71.31,63.68,60.89,4.32,155.77,81.36,34.1,121.29,46.29,156.7,39.19,74.64,30.85,1.41,25.92,18.21,23.72,75.8,32.5,205.43,78.36,77.08,64.59,5.19
130.75,428.44,75.89,24.64,60.67,42.27,74.23,24.18,71.86,36.32,19.84,97.18,45.44,32.51,53.95,54.76,147.44,27.63,93.36,57.6,58.64,428.44,75.89,24.64,60.67,42.27,74.23,24.18,71.86,36.32,19.84,116.52,45.42,36.34,53.8,56.63,146.52,37.58,91.37,55.05,55.86
80.36,117.17,102.02,36.89,43.91,51.48,18.54,112.48,65.95,36.95,18.16,39.39,61.69,41.44,46.5,63.3,41.74,98.41,72.29,37.25,52.55,117.17,102.02,36.89,43.91,51.48,18.54,112.48,65.95,36.95,18.16,31.82,61.67,44.48,46.12,64.04,42.94,92.49,73.07,28.43,51.97
174.61,163.13,185.7,93.64,86.51,53.89,30.45,62.47,90.2,49.09,8.13,107.96,137.49,97.51,151.62,76.78,73.47,84.54,85.03,60.57,31.2,163.13,185.7,93.64,86.51,53.89,30.45,62.47,90.2,49.09,8.13,107.46,130.32,104.25,133.25,90.27,75.36,92.48,85.09,51.65,109.85
176.85,176.17,111.29,89.92,57.62,111.81,13.21,55.85,66.82,67.4,99.1,120.56,101.32,112.73,96.58,188.15,47.74,69.61,81.33,100.15,255.93,176.17,111.29,89.92,57.62,111.81,13.21,55.85,66.82,67.4,99.1,121.29,110.8,126.45,103.19,181.48,65.86,86.82,87.62,89.63,243.52
162.08,132.5,312.73,119.89,104.45,85.77,51.51,89.65,108.34,66.9,111.12,85.48,263.25,165.55,149.25,156.26,125.33,132.51,149.31,90.19,176.19,132.5,312.73,119.89,104.45,85.77,51.51,89.65,108.34,66.9,111.12,83.13,244.45,167.98,144.35,159.27,136.14,136.98,150.34,77.26,176.2
82.14,127.28,61.58,91.27,63.16,44.97,44.87,107.27,97.55,68.4,79.59,100.24,111.74,144.67,124.58,88.09,100.41,217.48,144.26,101.16,123.35,127.28,61.58,91.27,63.16,44.97,44.87,107.27,97.55,68.4,79.59,100.8,122.95,145.46,126.86,104.15,121.5,184.05,147.52,83.11,123.58
53.49,108.6,17.25,53.49,40.29,50.42,35.43,28.51,37.46,5.82,12.37,58.05,20.65,54.16,54.54,80.38,23.04,57.78,39.82,7.51,14.95,108.6,17.25,53.49,40.29,50.42,35.43,28.51,37.46,5.82,12.37,59.49,20.06,53.78,56.91,77.06,25.82,57.76,41.56,6.05,14.44
5.12,94.51,34.6,7.9,50.24,24.68,33.13,8.54,4.48,8.69,6.63,17.49,12.72,6.68,34.19,30.14,7.38,12.87,6.57,11.4,17.76,94.51,34.6,7.9,50.24,24.68,33.13,8.54,4.48,8.69,6.63,14.12,6.02,4.11,31.32,34.2,3.34,10.96,5.78,7.89,15.43
6.18,62.95,58.92,20.02,17.45,7.64,57.12,10.06,13.68,7.98,0.03,9.93,23.83,15.59,10.52,7.55,8.59,11.16,14.86,22.34,0.37,62.95,58.92,20.02,17.45,7.64,57.12,10.06,13.68,7.98,0.03,8.46,37.6,14.31,6.58,3.84,6.72,7.26,13.09,18.75,2.19
4.95,120.59,52.21,25.7,26.33,12.67,172.2,13.99,18.36,2.81,8.28,10.46,14.29,15.67,13.31,8.16,24.18,8.32,16.63,5.64,38.45,120.59,52.21,25.7,26.33,12.67,172.2,13.99,18.36,2.81,8.28,12.05,12.32,13.56,14,6.46,36.27,3.39,15.74,5.69,29.12
37.63,173.68,65.47,68.81,35.29,46.55,187.6,30.38,50.44,8.87,6.31,26.51,18.3,56.52,20.06,30.99,67.75,27.33,43.84,25.23,34.12,173.68,65.47,68.81,35.29,46.55,187.6,30.38,50.44,8.87,6.31,42.87,11.59,52.73,10.04,43.06,89.81,15.74,38.63,15.49,35.64
51.54,295.94,76.07,58.13,19.7,53.44,92.3,43.54,69.69,32.21,22.72,50.18,26.8,53.57,10.79,41.87,103.54,79.2,59.44,63.58,69.75,295.94,76.07,58.13,19.7,53.44,92.3,43.54,69.69,32.21,22.72,49.77,15.22,63.74,7.13,36.13,112.01,107.65,69.82,65.01,70.22
43.88,199.83,93.37,52.13,71.86,37.46,75.16,50.63,36.13,54.17,24.06,45.31,55.93,68.73,63.89,48.53,149.26,57.9,46.92,85.89,71.11,199.83,93.37,52.13,71.86,37.46,75.16,50.63,36.13,54.17,24.06,41.72,56.03,67.46,64.81,49.62,148.66,60.46,47.61,87.83,80.53
155.92,252.35,70.97,28.27,40.68,95.7,17.84,72.38,89.11,67.42,0.97,84.76,42.91,31.74,43.08,117.67,40.17,63.32,97.63,67.98,2.81,252.35,70.97,28.27,40.68,95.7,17.84,72.38,89.11,67.42,0.97,88.57,41.8,34.02,42.76,111.23,41.67,61.04,88.59,62.13,11.97
53.52,238.5,182.42,108.31,84.26,60.38,27.27,61.74,94.41,88.72,8.74,157.85,135.04,112.78,147.72,86.01,65.78,83.53,88.99,109.48,33.55,238.5,182.42,108.31,84.26,60.38,27.27,61.74,94.41,88.72,8.74,155.71,127.52,114.84,125.61,99.15,84.13,94.71,94.97,110.31,50.7
123.03,168.23,77.39,144.75,35.55,61.91,42.63,184.67,119.83,121.48,52.92,115.13,70.47,181.44,59.59,104.17,154.01,230.3,145.84,180.47,136.69,168.23,77.39,144.75,35.55,61.91,42.63,184.67,119.83,121.48,52.92,115.88,83.89,172.16,67.48,111.43,159.04,203.84,145.21,186.63,139.59
89.51,132.13,85.98,73.06,52.08,109.81,91.58,125.47,93.21,117.17,42.23,85.26,72.38,100.87,74.43,200.06,222.89,185.5,128.47,157.96,66.98,132.13,85.98,73.06,52.08,109.81,91.58,125.47,93.21,117.17,42.23,81.9,82.56,111.76,81.13,190.81,203.38,180.53,127.46,162.73,67.22
144.73,128.66,80.31,89.8,42.48,48.73,73.07,43.74,111.67,104.37,52.74,101.34,145.74,142.31,83.79,95.46,163.5,88.66,165.15,154.37,81.75,128.66,80.31,89.8,42.48,48.73,73.07,43.74,111.67,104.37,52.74,102.14,136.51,142.65,86.6,109.77,154.2,98.01,160.25,149.8,79.9
64.37,42.15,54.24,35.54,36.69,21.78,60.3,31.35,39.67,42.55,91.42,22.53,64.87,35.96,49.68,34.7,39.24,63.5,42.13,54.94,110.61,42.15,54.24,35.54,36.69,21.78,60.3,31.35,39.67,42.55,91.42,20.78,64.69,35.9,49.72,35.91,42.52,63.47,44.91,52.75,114.62
10.96,53.54,60.56,24.99,46.49,27.85,30.36,16.12,3.3,27.83,8.06,9.89,22.22,21.18,31.6,34,6.76,24.27,4.83,36.48,21.6,53.54,60.56,24.99,46.49,27.85,30.36,16.12,3.3,27.83,8.06,7.16,22.27,23.64,32.73,39.36,2.74,27.6,4.42,42.08,19.59
8.09,15.32,29.81,21.72,5.67,13.24,85.79,13.2,12.52,4.75,0.01,2.42,12.05,16.93,3.39,13.07,12.9,14.63,13.62,13.3,0.12,15.32,29.81,21.72,5.67,13.24,85.79,13.2,12.52,4.75,0.01,0.39,21.86,15.99,1.13,8.71,8.9,13.08,15.57,12.95,1.45
11.71,153.01,43.33,15.89,47.22,10.07,86.26,17.38,14.19,1.34,0.38,13.28,11.87,9.65,23.87,6.49,12.1,10.32,12.84,2.69,1.76,153.01,43.33,15.89,47.22,10.07,86.26,17.38,14.19,1.34,0.38,11.36,12.22,9.86,35.02,4.65,12.85,7.98,9.74,1.36,3.64
8.9,117.9,39.37,40.65,137.15,15.39,126.96,16.92,26.79,4.57,0.67,17.93,11.02,33.37,77.95,10.27,45.85,15.21,23.29,12.99,3.61,117.9,39.37,40.65,137.15,15.39,126.96,16.92,26.79,4.57,0.67,67.75,3.68,24.52,151.16,5.57,51.56,4.75,17.97,8.44,4.03
52.72,200.41,69.81,32.25,55.13,63.41,49.44,20.62,33.2,16.77,0.24,33.99,24.6,29.7,30.21,49.71,55.46,37.5,28.32,33.11,0.74,200.41,69.81,32.25,55.13,63.41,49.44,20.62,33.2,16.77,0.24,32.43,7.94,23.85,19.83,61.83,53.6,33.14,16.41,31.3,1
35.44,164.82,89.51,121.12,64.42,67.72,26.95,43.5,19.43,17.19,7.81,37.39,53.57,159.69,57.26,87.73,53.53,49.72,25.25,27.27,23.08,164.82,89.51,121.12,64.42,67.72,26.95,43.5,19.43,17.19,7.81,29.25,53.83,142.29,54.07,74.37,53.69,58.85,26.52,26.17,60.97
52.22,201.12,131.62,69.34,127.83,22.28,29.84,58.97,38.74,54.41,13.83,67.58,79.6,77.82,135.37,27.4,67.17,51.59,42.47,54.86,40.04,201.12,131.62,69.34,127.83,22.28,29.84,58.97,38.74,54.41,13.83,66.03,80.98,78.24,136.86,30.79,67.37,52.1,47.49,51.83,48.63
61.5,202.84,191.11,190.77,72.85,108.1,25.6,54.16,29.18,182.28,55.13,134.25,141.48,198.62,127.71,154,61.76,73.29,27.52,224.85,211.58,202.84,191.11,190.77,72.85,108.1,25.6,54.16,29.18,182.28,55.13,133.55,136.95,172.96,120.31,143.22,72.39,79.39,39.15,256.09,152.1
173.26,348.41,217.55,101.32,72.73,60.93,36.73,133.51,30.15,139.62,85.59,238.44,198.06,127.04,121.93,102.52,132.76,166.51,36.71,207.37,221.06,348.41,217.55,101.32,72.73,60.93,36.73,133.51,30.15,139.62,85.59,236.52,191.56,131.95,130.19,112.08,130.09,158.42,43.94,235.01,213.54
231.92,85.92,98.55,59.59,79.28,50.52,56.9,73.79,49.94,141.09,70.78,20.88,82.95,82.26,113.28,92.03,138.47,109.12,68.82,190.21,112.25,85.92,98.55,59.59,79.28,50.52,56.9,73.79,49.94,141.09,70.78,20.06,86.56,95.76,117.19,103.55,143.38,113.65,71.44,221.6,112.14
155.45,238.61,81.06,106.64,59.51,73.53,47.27,89.23,58.28,109.11,116.46,187.89,147.09,169.04,117.37,144.02,105.77,180.89,86.2,161.38,180.5,238.61,81.06,106.64,59.51,73.53,47.27,89.23,58.28,109.11,116.46,186.68,155.14,168.43,120.7,145.94,119.2,175.4,91.45,165.61,180.23
54.08,96.24,37.34,45.83,68.18,62.9,49.93,51.09,27.31,36.31,59.12,51.43,44.65,46.41,92.25,100.29,32.51,103.54,29.01,46.87,71.51,96.24,37.34,45.83,68.18,62.9,49.93,51.09,27.31,36.31,59.12,51.03,43.49,45.95,98.01,96.64,35.85,102.24,31,47.85,71.35
20.91,147.23,48.52,67.62,20.07,12.73,53.23,7.42,21.86,13.18,2.18,27.19,17.83,57.28,13.65,15.57,11.83,11.18,31.93,17.25,5.85,147.23,48.52,67.62,20.07,12.73,53.23,7.42,21.86,13.18,2.18,26.22,13.97,77.25,7.05,13.57,6.77,7.37,31.5,18.14,4.96
23.5,193.94,23.27,17.98,9.58,17.69,85.22,9.97,9.21,31.01,2.49,30.61,9.4,14.01,5.75,17.49,12.81,11.06,10.01,86.77,30.65,193.94,23.27,17.98,9.58,17.69,85.22,9.97,9.21,31.01,2.49,37.57,5.18,8.57,1.39,10.95,9.64,9.18,9.41,69.67,29.77
4.34,89.66,25.63,17.86,7.59,8.51,83.5,12.25,9.73,7.99,0.06,7.79,7,10.86,3.84,5.49,11.71,7.27,8.81,16.05,0.28,89.66,25.63,17.86,7.59,8.51,83.5,12.25,9.73,7.99,0.06,6.15,3.38,7.91,1.85,4.13,6.16,6.24,6.65,17.73,2.05
25.84,114.23,68.96,24.43,21.18,39.23,138.44,20.38,15.34,4.67,2.77,17.4,19.28,20.04,12.04,26.15,49.98,18.34,13.33,13.28,14.99,114.23,68.96,24.43,21.18,39.23,138.44,20.38,15.34,4.67,2.77,9.28,9.72,12.09,4.71,24.27,58.3,14.12,6.24,6.22,16.73
22.8,378.14,163.19,59.5,41.95,60.09,37.37,33.7,26.48,15.04,24.65,64.16,57.46,54.78,23,47.06,41.93,61.32,22.57,29.7,75.68,378.14,163.19,59.5,41.95,60.09,37.37,33.7,26.48,15.04,24.65,99.01,52.22,75.19,13.19,45.05,41.25,68.05,11.36,18.37,73.66
48.67,253.43,69.12,41.47,69.93,57.48,29.73,20.6,57.34,23.33,6.77,57.47,41.38,54.68,62.2,74.49,59.04,23.57,74.5,36.99,20.02,253.43,69.12,41.47,69.93,57.48,29.73,20.6,57.34,23.33,6.77,57.05,41.91,54.02,63.08,73,58.96,34.06,73.48,34.47,48.26
114.86,161.37,59.17,42.33,41.88,24.4,12.35,39.92,38.43,64.52,17.79,54.24,35.78,47.51,44.32,29.99,27.8,34.91,42.14,65.04,51.49,161.37,59.17,42.33,41.88,24.4,12.35,39.92,38.43,64.52,17.79,47.71,34.71,50.1,43.96,33.83,29.85,38.47,48.05,64.69,67.39
102.64,226.35,149.41,100.94,81.2,90.64,40.72,62.28,136.33,85.13,53.57,149.78,110.6,105.1,142.36,129.15,98.19,84.28,128.55,105.02,205.62,226.35,149.41,100.94,81.2,90.64,40.72,62.28,136.33,85.13,53.57,148.15,112.24,108.91,141.17,119.82,110.59,99.46,130.96,107.54,211.25
85.5,200.76,184.69,62.03,103.2,95.58,54.12,54.07,197.53,88.75,42.01,137.4,168.16,77.76,173.02,160.83,195.6,67.39,240.39,131.82,108.48,200.76,184.69,62.03,103.2,95.58,54.12,54.07,197.53,88.75,42.01,137.76,168.15,86.1,172.07,160.9,188.77,88.98,232.2,122.75,113.86
105.82,253.51,178.04,164.38,104.66,59.48,34.88,139.67,131.66,104.65,46.14,163.57,149.86,227.02,149.55,108.36,84.92,206.49,181.44,141.12,73.18,253.51,178.04,164.38,104.66,59.48,34.88,139.67,131.66,104.65,46.14,164.26,146.75,196.92,151.2,110.67,111.11,190.46,181.08,137.49,73.5
139.41,143.63,110.11,62.41,63.56,58.37,69.83,78.7,59.44,77.73,135.78,113.12,199.83,98.92,125.36,114.31,156.25,159.56,87.91,114.97,210.49,143.63,110.11,62.41,63.56,58.37,69.83,78.7,59.44,77.73,135.78,113.65,171.18,109.47,126.33,129.67,148.55,156.67,93.88,126.32,213.75
53.83,108.31,50.16,49.13,48.05,15.24,62.62,27.9,54.08,57.48,76.38,57.85,59.99,49.77,65.03,24.3,40.72,56.51,57.47,74.23,92.39,108.31,50.16,49.13,48.05,15.24,62.62,27.9,54.08,57.48,76.38,59.38,60.29,49.69,67.2,26.48,42.23,56.51,57.8,73.17,94.71
38.26,76.65,38.65,48.39,37.29,15.76,72.75,8.77,8.9,30.63,2.62,14.17,14.18,41,25.36,19.28,16.15,13.21,12.99,40.15,7.01,76.65,38.65,48.39,37.29,15.76,72.75,8.77,8.9,30.63,2.62,9.61,11.65,47.56,33.3,14.32,14.51,10.07,12.52,43.93,5.68
35.4,63.78,36.2,46.14,23.46,27.27,148.14,24.23,7.46,1.07,0.66,10.09,14.65,35.94,14.17,26.93,22.33,26.93,8.14,3,8.14,63.78,36.2,46.14,23.46,27.27,148.14,24.23,7.46,1.07,0.66,10.11,6.18,60.14,9.74,27.3,21.69,37.2,6.07,3.82,13.92
8.77,165.53,26.67,7.4,37.72,8.79,143.59,18.65,5.85,4.6,3.2,14.37,7.3,4.49,19.05,5.67,20.14,11.09,5.28,9.24,14.85,165.53,26.67,7.4,37.72,8.79,143.59,18.65,5.85,4.6,3.2,12.89,4.09,5.65,14.69,4.27,25.32,6.61,4.29,6.82,21.12
19.04,353.85,78.33,16.81,46.79,2.95,105.35,25.48,26.68,8.17,0.16,53.91,21.9,13.81,26.61,1.96,38.03,22.9,23.2,23.24,0.86,353.85,78.33,16.81,46.79,2.95,105.35,25.48,26.68,8.17,0.16,87.32,15.12,9.08,16.14,0.19,34.19,14.46,16.68,7.82,1.07
47.2,302.98,89.07,37.37,83.34,44.21,69.55,13.45,46.6,21.77,13.64,51.38,31.36,34.43,45.64,34.63,78.02,24.45,39.76,42.96,41.89,302.98,89.07,37.37,83.34,44.21,69.55,13.45,46.6,21.77,13.64,53.74,26.6,31.92,51.05,28.6,80.2,21.04,28.93,38.85,42.01
32.22,192.53,69.2,54.95,97.81,26.8,32.88,29.65,32.13,55.19,1.18,43.68,41.44,72.45,87.01,34.73,65.3,33.88,41.77,87.52,3.49,192.53,69.2,54.95,97.81,26.8,32.88,29.65,32.13,55.19,1.18,40.17,41.51,72.06,104.79,38.82,65.4,40.26,42.47,89.24,7.81
33.22,111.59,107.72,36.14,66.99,66.14,11.47,61.18,30.61,106.21,1.92,37.49,65.13,40.57,70.92,81.31,25.83,53.5,33.57,107.09,5.56,111.59,107.72,36.14,66.99,66.14,11.47,61.18,30.61,106.21,1.92,29.47,65.1,43.19,70.93,81.52,27.1,57.69,39.41,120.69,18.57
122.91,253.04,109.1,101.94,38.42,63.55,10.6,75.68,241.17,132.69,0.23,167.43,80.77,106.14,67.38,90.53,25.59,102.43,227.37,163.68,0.88,253.04,109.1,101.94,38.42,63.55,10.6,75.68,241.17,132.69,0.23,165.53,90,103.27,77.13,94.54,37.56,98.48,188.96,178.96,25.35
200.87,179.38,245.4,106.4,53.95,124.35,26.32,120.01,107.19,134.79,84.49,122.74,223.47,133.43,90.41,209.24,95.13,149.65,130.44,200.23,218.2,179.38,245.4,106.4,53.95,124.35,26.32,120.01,107.19,134.79,84.49,122.86,200.09,143.9,101.47,201.68,120.84,149.36,132.75,209.85,202.9
197.36,229.28,212.95,69.52,94.12,95.44,48.95,47.26,143.18,115,123.01,147.94,179.26,96.03,134.48,173.88,119.12,69.86,197.32,155.02,195.05,229.28,212.95,69.52,94.12,95.44,48.95,47.26,143.18,115,123.01,148.39,177.06,101.65,135.21,166.85,136.94,80.3,193.56,160.83,194.88
208.26,136.58,223.23,88.04,77.56,62.2,139.02,55.27,103.29,88.95,65.29,107.56,405.12,139.55,152.96,121.81,311.07,112.03,152.76,131.55,101.21,136.58,223.23,88.04,77.56,62.2,139.02,55.27,103.29,88.95,65.29,108.73,314.46,142.01,151.64,129.2,256.49,121.76,150.76,124.75,98.13
80.93,63.25,42.39,82.33,44.13,32.31,48.3,33.81,44.29,16.86,60.97,33.8,50.72,83.39,59.7,51.51,31.43,68.49,47.03,21.78,73.76,63.25,42.39,82.33,44.13,32.31,48.3,33.81,44.29,16.86,60.97,32.37,49.74,84.59,59.66,52.77,32.71,68.44,46.95,19.04,72.18
31.59,48.05,46.24,28.6,35.06,23.63,67.03,14.59,27.48,30.43,6.22,8.89,16.96,24.23,23.83,28.85,14.86,21.99,40.13,39.86,16.65,48.05,46.24,28.6,35.06,23.63,67.03,14.59,27.48,30.43,6.22,5.35,15.93,29.7,13.99,38.13,10.93,23.56,42.94,45.54,14.38
5.29,132.07,31.97,31.44,35.49,13.85,99.45,15.63,22.92,11.28,0.62,20.85,12.92,24.5,21.42,13.68,14.94,17.36,24.91,31.58,7.64,132.07,31.97,31.44,35.49,13.85,99.45,15.63,22.92,11.28,0.62,21.58,10.88,19.55,18.47,16.66,17.22,14.16,25.17,34.13,14.79
12.76,99.31,40.79,18.82,30.01,9.41,130.6,5.01,23.4,5.13,7.46,8.63,11.16,11.47,15.15,6.05,18.31,2.98,21.17,10.31,34.64,99.31,40.79,18.82,30.01,9.41,130.6,5.01,23.4,5.13,7.46,7.48,9.78,11.14,12.37,3.81,32.03,0.64,23.47,14.25,39.59
24.7,240.04,111.39,7.9,45.7,24.53,58.2,23.02,49.47,20.81,2.79,36.57,31.12,6.48,26,16.37,21,20.71,43.01,59.13,15.07,240.04,111.39,7.9,45.7,24.53,58.2,23.02,49.47,20.81,2.79,50.21,27.18,2.34,21.36,8.37,13.82,14.85,55.63,64.67,16.55
61.83,228.49,142.91,23.91,110.28,42.84,57.89,29.36,49.83,41.85,10.92,38.76,50.33,22.05,60.36,33.58,64.95,53.4,42.53,82.61,33.52,228.49,142.91,23.91,110.28,42.84,57.89,29.36,49.83,41.85,10.92,27.5,63.36,13.67,56.77,34.04,64.75,61.92,33.54,107.46,35.69
37.6,280.65,124.94,24.62,54.73,43.05,11.26,74.77,103.31,45.26,39.41,63.68,74.78,32.49,48.67,55.81,22.4,85.49,134.28,71.79,116.45,280.65,124.94,24.62,54.73,43.05,11.26,74.77,103.31,45.26,39.41,63.9,74.47,35.34,43.88,57.25,22.61,78.43,130.27,72.61,92.83
53.86,137.57,96.01,125.33,83.81,53.15,11.37,41.87,43.6,86.81,66.27,46.22,58.06,140.65,88.78,65.37,25.61,36.66,47.8,87.56,191.8,137.57,96.01,125.33,83.81,53.15,11.37,41.87,43.6,86.81,66.27,38.41,58,134.29,89.7,63.61,27.07,41.36,52.24,83.37,153.38
105.44,261.91,189.81,52.12,75.76,27.78,29.3,79.08,101.99,104.66,37.66,173.33,140.54,54.25,132.81,39.57,70.69,107.04,96.15,129.1,144.54,261.91,189.81,52.12,75.76,27.78,29.3,79.08,101.99,104.66,37.66,170.92,134.56,62.21,119.07,56.8,83.41,110.09,99.97,131.3,135.2
167.53,219,209.63,60.28,90.85,129.32,29.47,44.5,99.35,102.09,43.93,149.91,190.88,75.54,152.25,217.61,106.49,55.49,120.93,151.62,113.46,219,209.63,60.28,90.85,129.32,29.47,44.5,99.35,102.09,43.93,150.35,185.77,92.58,153.69,210.08,132.64,78.64,124.33,158.36,113.59
99.23,273.75,112.75,117.21,68.41,67.53,79.55,105.75,62,159.1,71.42,176.6,94.92,161.84,97.76,123.05,193.55,156.34,85.46,214.48,113.26,273.75,112.75,117.21,68.41,67.53,79.55,105.75,62,159.1,71.42,179.33,105.18,161.08,103.82,126.22,182.03,148.19,87.13,269.2,113.07
72.36,187.06,65.01,110.58,57.31,68.29,58.81,62.87,66.93,147.3,61.6,147.32,117.99,175.25,112.99,133.77,131.59,127.43,99.03,217.85,95.48,187.06,65.01,110.58,57.31,68.29,58.81,62.87,66.93,147.3,61.6,147.44,129.58,159.22,114.67,131.19,149.24,130.87,102.75,249.35,94.82
26.72,66.44,37.41,64.42,47.65,36.68,46.82,18.33,107.03,75.27,39.8,35.5,44.73,65.21,64.47,58.49,30.46,37.12,113.72,97.19,48.15,66.44,37.41,64.42,47.65,36.68,46.82,18.33,107.03,75.27,39.8,33.83,44.14,66.39,64.65,56.49,34.02,37.26,108.22,104.94,48.05
15.82,37.97,80.03,30.52,42.27,3.78,82.45,5.87,3.32,19.91,7.86,6.98,29.37,25.87,28.75,4.64,18.3,8.84,4.85,26.08,21.07,37.97,80.03,30.52,42.27,3.78,82.45,5.87,3.32,19.91,7.86,3.54,39.07,25.36,42.67,1.79,22.03,5.75,4.46,29.62,19.48
23.01,30.55,21.75,11.77,34.52,15.19,34.88,9.62,4.66,0.13,0,4.82,8.81,9.16,20.84,14.99,5.26,10.66,5.05,0.36,0,30.55,21.75,11.77,34.52,15.19,34.88,9.62,4.66,0.13,0,2.29,6.18,5.74,20.23,24.56,1.41,6.26,4.18,0.82,0
10.23,78.19,40.34,25.93,12.51,7.84,131.98,13.65,4.65,2.59,0,6.76,11.05,15.8,6.3,5.04,18.51,8.11,4.23,5.2,0,78.19,40.34,25.93,12.51,7.84,131.98,13.65,4.65,2.59,0,4.03,7.39,21.06,3.55,3.31,24.43,4.93,2.08,4.5,0
11.4,99.6,48.9,48.02,29.41,21.07,105.5,34.5,62.14,2.15,29.76,15.19,13.64,39.44,16.7,14.03,38.11,30.99,53.98,6.12,160.9,99.6,48.9,48.02,29.41,21.07,105.5,34.5,62.14,2.15,29.76,5.06,4.51,43.59,10.05,5.79,52.52,49.44,73.26,1.88,147.73
15.44,216.89,124.95,62.83,73.76,49.43,38.14,9.32,49.53,36.61,5.2,36.79,44.02,57.88,40.37,38.73,42.82,16.97,42.28,72.28,15.96,216.89,124.95,62.83,73.76,49.43,38.14,9.32,49.53,36.61,5.2,42.07,42.35,57.27,26.99,31.89,38.1,13.36,59.8,77.29,16.83
51.14,203.12,53.1,25.73,71.82,37.94,17.54,21.06,27.08,40.23,8.16,46.09,31.77,33.94,63.87,49.16,34.86,24.08,35.19,63.82,24.1,203.12,53.1,25.73,71.82,37.94,17.54,21.06,27.08,40.23,8.16,39.31,32.14,35.98,61.58,49.91,35.07,31.21,36.2,65.26,32.88
72.58,153.32,121.23,121.15,51.65,72.52,10.54,101.32,20.34,64.3,15.33,51.53,73.3,135.96,54.7,89.21,23.74,88.63,22.29,64.84,44.37,153.32,121.23,121.15,51.65,72.52,10.54,101.32,20.34,64.3,15.33,45.64,72.47,122.82,54.26,87.37,25.42,89.01,28.68,80.7,40.7
66.48,158.83,94.12,154.25,57.54,63.59,32.32,145.31,106.12,118.56,37.44,105.09,69.69,160.6,100.88,90.59,77.98,196.65,100.05,146.26,143.71,158.83,94.12,154.25,57.54,63.59,32.32,145.31,106.12,118.56,37.44,104.75,75.3,151.2,107.21,98.66,83.15,171.76,100.26,160.25,143.65
174.55,250.65,125.03,56.78,109.07,91.05,55.88,63.28,84.25,132.32,48.31,171.54,113.86,71.19,182.86,153.18,201.93,78.86,102.51,196.53,124.77,250.65,125.03,56.78,109.07,91.05,55.88,63.28,84.25,132.32,48.31,171.21,127.02,80.69,176.76,146.6,192.85,101.27,110.38,213.18,133.44
144.6,141.45,135.42,119.66,98.1,91.43,76.78,121.34,94.71,121.37,65.11,56.73,113.99,165.21,140.17,166.59,186.85,179.37,130.51,163.65,103.25,141.45,135.42,119.66,98.1,91.43,76.78,121.34,94.71,121.37,65.11,56.59,121.76,165.94,139.58,159.55,181.4,173.88,131.09,166.79,103.54
140.14,182.05,91.45,73.39,41.71,75.48,112.76,54.99,90.78,123.91,73.75,143.38,165.97,116.32,82.27,147.85,252.32,111.46,134.25,183.25,114.3,182.05,91.45,73.39,41.71,75.48,112.76,54.99,90.78,123.91,73.75,142.87,169.49,117.93,85.86,150.54,219.31,118.81,133.03,205.01,113.06
45.49,104.87,64.57,55.47,44.31,43.19,42.65,22.1,54.55,31.94,25.18,56.06,77.23,56.16,59.94,68.87,27.74,44.79,57.93,41.22,30.46,104.87,64.57,55.47,44.31,43.19,42.65,22.1,54.55,31.94,25.18,55.64,79.5,55.74,59.3,65.22,31.93,44.86,56.95,42.56,30.8
45.49,200.63,100.33,30.14,27.27,15.73,82.22,10.01,45.1,20.23,1.24,37.03,36.8,25.56,18.55,19.21,18.27,15.08,65.84,26.51,3.32,200.63,100.33,30.14,27.27,15.73,82.22,10.01,45.1,20.23,1.24,42.63,49.1,26.06,11.58,13.42,15.45,12.32,70.55,29.43,2.69
6.16,69,52.51,1.98,35.92,8.85,162.43,15.03,6.2,1.7,0.04,10.88,21.24,1.55,21.65,8.73,24.45,16.69,6.74,4.76,0.49,69,52.51,1.98,35.92,8.85,162.43,15.03,6.2,1.7,0.04,10.06,18.93,0.43,19.62,7.33,26.96,16.05,5.45,6.14,3.64
3.7,71.02,46.81,12.57,17.95,1.5,54.52,20.65,12.7,8.13,2.59,6.13,12.82,7.64,9.08,0.97,7.65,12.29,11.51,16.34,12.03,71.02,46.81,12.57,17.95,1.5,54.52,20.65,12.7,8.13,2.59,4.27,12.51,3.75,6.5,0.49,3.35,15.07,10.72,13.84,14.43
7.14,163.28,127.47,13.95,31.88,21.51,65.01,32.1,21.48,18.16,4.09,24.86,35.63,11.46,18.13,14.34,23.47,28.87,18.67,51.6,22.11,163.28,127.47,13.95,31.88,21.51,65.01,32.1,21.48,18.16,4.09,17.18,34.48,7.68,10.48,9.01,11.09,25.4,16.21,74.41,22.41
19.1,215.71,51.9,49.39,43.13,52.86,62.85,15.37,38.77,33.05,35.66,36.61,18.22,45.48,23.62,41.42,70.51,27.98,33.08,65.25,109.49,215.71,51.9,49.39,43.13,52.86,62.85,15.37,38.77,33.05,35.66,26.79,4.52,46.05,13.91,35.24,81.25,23.06,20.31,79.19,109.38
44.46,226.03,120.97,18.53,52.47,29.07,26.54,66.21,43.3,21.01,12.98,51.25,72.4,24.43,46.67,37.67,52.73,75.7,56.24,33.33,38.37,226.03,120.97,18.53,52.47,29.07,26.54,66.21,43.3,21.01,12.98,46.64,72.55,28.6,43.54,41.18,52.69,64.16,56.73,31.44,58.62
36.47,246.09,74.24,60.47,72.71,66.51,6.87,208.47,51.72,82.9,71.96,82.65,44.91,67.86,77.01,81.8,15.47,182.4,56.69,83.6,208.25,246.09,74.24,60.47,72.71,66.51,6.87,208.47,51.72,82.9,71.96,84.71,44.33,68.47,77.4,81.32,16.61,159.51,60.62,79.89,130.63
123.63,125.97,119.43,193.99,56.81,149.98,25.15,57.25,139.88,103.83,76.63,83.36,88.4,201.99,99.6,213.66,60.64,77.48,131.86,128.1,294.12,125.97,119.43,193.99,56.81,149.98,25.15,57.25,139.88,103.83,76.63,84.51,91.26,168.3,107.6,183.94,72.24,86.09,131.52,131.09,152.1
176.08,200.28,144.07,78.1,74.17,55.43,42.83,90.76,135.33,85.35,116.14,137.03,131.17,97.91,124.35,93.28,154.77,113.16,164.72,126.76,299.92,200.28,144.07,78.1,74.17,55.43,42.83,90.76,135.33,85.35,116.14,137.32,140.38,110.43,133.46,103.73,161.44,122.67,169.28,114.04,253.34
113.62,227.04,181.94,106.6,122.47,105.08,85.92,59.27,129.2,103.81,128.62,146.46,153.16,147.2,175.03,191.45,209.1,87.62,178.07,139.93,203.96,227.04,181.94,106.6,122.47,105.08,85.92,59.27,129.2,103.81,128.62,146.09,148.39,146.61,170.31,185.63,188.04,97.22,178.71,138.56,203.87
163.35,262.55,77.77,110.15,96.73,51.52,35.43,40.07,72.99,127.89,112.52,206.78,141.15,174.58,190.78,100.9,79.28,81.24,107.92,189.15,174.38,262.55,77.77,110.15,96.73,51.52,35.43,40.07,72.99,127.89,112.52,205.03,148,172.43,188.95,121.24,102.69,97.54,112.42,208.49,174.05
52.49,105.4,51.1,54.1,53.16,32.37,33.22,19.23,76.85,87.6,45.89,56.33,61.13,54.75,71.95,51.59,21.6,38.96,81.63,113.08,55.55,105.4,51.1,54.1,53.16,32.37,33.22,19.23,76.85,87.6,45.89,56.7,60.42,54.94,75.51,51.28,24.8,39.08,79.67,123.15,55.01
23.02,50.34,35.49,20.62,11.41,8.38,83.31,23.29,13.62,21.75,0,9.27,13.01,17.48,7.77,10.24,18.48,35.06,19.9,28.51,0,50.34,35.49,20.62,11.41,8.38,83.31,23.29,13.62,21.75,0,4.65,5.65,12.69,4.32,5.39,16.03,44.83,18.85,19.79,0
20.81,72.77,13.56,13.48,19.75,14.44,100.62,10.93,18.35,4.39,0.31,11.51,5.47,10.49,11.93,14.27,15.15,12.14,19.92,12.3,3.81,72.77,13.56,13.48,19.75,14.44,100.62,10.93,18.35,4.39,0.31,8.83,1.19,7.53,6.84,11.07,13.66,9.98,17.28,15.86,6.65
3.04,43.82,88.35,23.71,20.28,12.27,79.54,3.82,3.34,3.2,0.42,3.79,24.21,14.41,10.25,7.9,11.14,2.25,3.03,6.4,1.96,43.82,88.35,23.71,20.28,12.27,79.54,3.82,3.34,3.2,0.42,2.03,34.92,13.21,6.61,6.11,6.83,1.24,1.45,3.2,5.7
36.95,137.5,136.2,36.25,43.26,47.07,178.89,17.3,19.05,11.83,5.39,20.94,38.05,29.8,24.6,31.35,64.59,15.54,16.56,33.62,29.14,137.5,136.2,36.25,43.26,47.07,178.89,17.3,19.05,11.83,5.39,18.39,66.28,35.49,32.97,39.32,95.79,9.92,10.86,38.31,28.65
35.31,233.25,124.93,74.78,120.93,54.04,26.7,30.62,63.99,34.72,3.78,39.55,43.98,68.89,66.21,42.34,29.96,55.69,54.58,68.55,11.6,233.25,124.93,74.78,120.93,54.04,26.7,30.62,63.99,34.72,3.78,29.67,65.15,72.74,76.12,37.23,29.16,54.72,66.86,74.19,12.13
61.79,312.27,107.13,70.29,59.61,19.66,16.38,18.02,38.86,26.6,4.98,70.82,64.12,92.65,53.06,25.48,32.55,20.6,50.52,42.2,14.72,312.27,107.13,70.29,59.61,19.66,16.38,18.02,38.86,26.6,4.98,72.69,64.24,84.11,45.43,29.04,32.83,30.07,50.68,40.86,22.96
57,198.82,135.71,59.2,77.01,89.2,15.68,72.28,118.55,46.84,5.82,66.81,82.07,66.44,81.58,109.68,35.31,63.24,129.95,47.21,16.84,198.82,135.71,59.2,77.01,89.2,15.68,72.28,118.55,46.84,5.82,65.36,82.37,66.96,81.58,102.48,36.91,62.73,115.66,40.04,39.48
60.87,138.31,273.06,112.17,46.05,79.69,26.2,47.8,61.39,56.3,36.9,91.49,202.18,116.81,80.74,113.53,63.22,64.71,57.86,69.43,141.64,138.31,273.06,112.17,46.05,79.69,26.2,47.8,61.39,56.3,36.9,92.62,187.37,109.54,90.78,118.4,75.72,77.98,71.42,63.76,126.75
144.13,235.43,162.97,71.68,85.06,115.29,55.11,203.76,135.04,42.18,62.99,161.11,148.38,89.87,142.62,193.98,199.14,254.1,164.38,62.66,162.68,235.43,162.97,71.68,85.06,115.29,55.11,203.76,135.04,42.18,62.99,160.94,151.14,101.62,145.83,191.26,188.46,228.5,166.04,52.32,160.34
39.48,112.37,191.42,102.88,103.95,133.24,26.75,75.09,102.14,78.93,142.41,72.53,161.15,142.05,148.56,242.74,65.08,111.01,140.73,106.42,225.84,112.37,191.42,102.88,103.95,133.24,26.75,75.09,102.14,78.93,142.41,69.04,159.79,129.92,150.17,230.86,79.66,118.25,141.19,93.58,225.4
109.21,183.56,57.37,79.42,61.15,104.06,38.82,85.74,81.01,72.87,110.67,144.54,104.11,125.91,120.57,203.81,86.89,173.81,119.79,107.77,171.52,183.56,57.37,79.42,61.15,104.06,38.82,85.74,81.01,72.87,110.67,144.26,108.19,131.21,123.57,190.49,98.97,162.41,124.87,95.62,170.92
49.75,126.82,75.83,52.61,43.72,39.51,60.34,23.42,67.1,43.41,71.16,67.78,90.69,53.27,59.17,62.97,39.24,47.45,71.27,56.05,86.08,126.82,75.83,52.61,43.72,39.51,60.34,23.42,67.1,43.41,71.16,67.83,92.29,53.04,60.51,63.18,41.69,47.48,71.96,53.82,88.71
23.25,103.1,45.03,13.69,16.37,32.89,86.92,18.43,20.44,3.11,5.46,19.01,16.51,11.63,11.13,40.16,19.29,27.76,29.83,4.08,14.62,103.1,45.03,13.69,16.37,32.89,86.92,18.43,20.44,3.11,5.46,16.3,15,8.07,6.18,42.63,20.91,27.45,29.3,1.63,14.11
70.56,33.8,64.34,7.72,25.7,16.58,137.24,12.34,24.96,0.02,1.02,5.32,26.03,6.02,15.51,16.4,20.65,13.68,27.15,0.06,12.56,33.8,64.34,7.72,25.7,16.58,137.24,12.34,24.96,0.02,1.02,2.2,42.35,3.77,18.24,9.69,20.86,11.34,27.91,0.16,19.62
13.69,14.85,33.77,25.47,16.8,3.33,142.3,17.69,21.66,3.77,0.25,1.27,9.24,15.51,8.5,2.16,19.95,10.53,19.58,7.57,1.16,14.85,33.77,25.47,16.8,3.33,142.3,17.69,21.66,3.77,0.25,0.15,8.43,17.07,5.02,1.2,21.83,4.91,25.52,7.69,4.72
46.13,110.05,126.9,70.99,27.37,9.32,130.85,32.25,6.33,8.75,3.93,16.75,35.44,58.32,15.57,6.21,47.27,28.99,5.5,24.87,21.26,110.05,126.9,70.99,27.37,9.32,130.85,32.25,6.33,8.75,3.93,8.91,54.85,87.71,8.81,1.26,57.95,24.51,4.38,29.01,22.39
46.95,162.45,118.97,46.15,54.38,53.71,34.57,27.75,85.26,9.2,54.16,27.56,41.86,42.52,29.8,42.11,38.77,50.48,72.73,18.16,166.28,162.45,118.97,46.15,54.38,53.71,34.57,27.75,85.26,9.2,54.16,20.32,27.98,43.55,17.56,37.25,34.27,55.14,139.51,15.42,161.23
61.69,235.13,99.91,74.68,52.52,22.22,22.07,33,59.77,45.87,7.66,53.32,59.79,98.48,46.71,28.78,43.83,37.76,77.67,72.76,22.63,235.13,99.91,74.68,52.52,22.22,22.07,33,59.77,45.87,7.66,54.2,60.02,88.03,41.42,32.84,43.94,42.78,75.84,74.71,39.9
171.77,160.88,99.57,60.69,45.78,52.48,57.17,58.81,59.25,90.41,43.47,54.03,60.17,68.13,48.47,64.54,128.68,51.42,64.94,91.17,125.81,160.88,99.57,60.69,45.78,52.48,57.17,58.81,59.25,90.41,43.47,48.51,59.36,70.12,48.1,66.83,125.73,54.41,67.77,113.1,97.72
104.99,117.17,162.83,97.29,75.09,108.62,43.55,114.87,68.55,98.16,18.07,77.52,120.57,101.3,131.63,154.75,105.08,155.47,64.67,121.09,69.37,117.17,162.83,97.29,75.09,108.62,43.55,114.87,68.55,98.16,18.07,78.63,112.73,107.97,125.87,131.12,110.77,140.71,76.16,122.27,59.15
137.65,211.06,222.8,149.09,67.71,119.8,29.95,62.23,71.21,91.86,73.48,144.43,202.89,186.92,113.52,201.6,108.2,77.59,86.68,136.47,189.79,211.06,222.8,149.09,67.71,119.8,29.95,62.23,71.21,91.86,73.48,144.68,172.89,188.04,122.37,195.24,125.18,98.38,95.58,126.5,201.61
147.71,178.38,193.01,124.93,81.43,67.46,106.23,122.04,60.72,109.24,145.77,115.1,162.48,172.54,116.37,122.9,258.49,180.42,83.7,147.28,231.17,178.38,193.01,124.93,81.43,67.46,106.23,122.04,60.72,109.24,145.77,112.63,156.71,169.68,121.21,127.26,201.66,178.33,85.54,138.11,230.88
153.61,173.55,27.41,86.87,65.53,68.45,54.19,44.02,86.34,95.59,102.09,136.66,49.77,137.7,129.22,134.09,121.27,89.26,127.7,141.38,158.21,173.55,27.41,86.87,65.53,68.45,54.19,44.02,86.34,95.59,102.09,137.14,71.85,138.39,131.27,127.45,117.12,104.63,133.02,144.27,159.39
52.34,147.31,43.96,105.2,24.92,39.01,57.75,24.93,55.14,66.56,38.09,78.76,52.59,106.53,33.71,62.2,37.58,50.49,58.57,85.91,46.07,147.31,43.96,105.2,24.92,39.01,57.75,24.93,55.14,66.56,38.09,81.32,51.93,108.31,29.72,63.42,38.98,50.54,55.02,91.17,46.15
38.38,142.98,52.71,23.44,22.84,30.08,103.03,11.74,5,8.78,22.66,26.41,19.33,19.89,15.53,36.77,22.91,17.69,7.29,11.5,60.72,142.98,52.71,23.44,22.84,30.08,103.03,11.74,5,8.78,22.66,30.11,15.16,18.11,8.32,43.19,29.91,15.14,6.65,9.81,62.64
17.16,187.99,29.24,11.22,62.41,11.82,104.38,21.02,12.44,5.99,6.43,29.7,11.85,8.77,37.66,11.69,15.7,23.32,13.52,16.79,79.16,187.99,29.24,11.22,62.41,11.82,104.38,21.02,12.44,5.99,6.43,44.15,9.91,5.56,62.27,7.1,8.82,42.53,13.59,19.3,55.24
12.92,270.6,17.14,14.89,8.31,20.24,53.7,6.51,23.64,12.1,0.43,23.47,4.7,9.06,4.2,13.03,7.56,3.88,21.37,24.32,2,270.6,17.14,14.89,8.31,20.24,53.7,6.51,23.64,12.1,0.43,29.87,2.06,6.57,1.86,11.29,3.95,5.12,25.33,27.31,10.33
5.76,214.05,46.46,68.03,8.61,48.94,45.87,15.29,63.61,7.62,9.98,32.62,12.95,55.87,4.9,32.57,16.57,13.74,55.28,21.65,53.96,214.05,46.46,68.03,8.61,48.94,45.87,15.29,63.61,7.62,9.98,21.87,6.14,96.5,1.33,28.64,6.99,5.99,62.07,22.99,55.46
23.35,442.87,189.18,36.76,87.57,52.8,27.76,11.99,29.32,35.8,3.37,75.09,66.61,33.86,47.93,41.38,31.14,21.81,25.01,70.67,10.36,442.87,189.18,36.76,87.57,52.8,27.76,11.99,29.32,35.8,3.37,111.51,88.19,26.4,72.76,45.41,28.37,16.39,11.54,91.36,11.94
59.75,309.4,85.53,24.65,57.08,41.29,17.66,38.22,34.06,33.17,3.8,70.15,51.22,32.51,50.74,53.52,35.07,43.7,44.25,52.61,11.22,309.4,85.53,24.65,57.08,41.29,17.66,38.22,34.06,33.17,3.8,70.72,51.54,36.58,45.32,56.43,35.31,50.74,45.39,52.8,20.56
56.26,184.4,66.64,27.15,135.68,25.49,29.25,140.75,27.17,110.56,19.87,61.96,40.3,30.49,143.67,31.34,65.84,123.12,29.78,111.49,57.51,184.4,66.64,27.15,135.68,25.49,29.25,140.75,27.17,110.56,19.87,62.71,38.86,33.62,145.15,35.28,65.32,112.98,35.88,130.8,64.13
50.64,138.03,233.01,104.29,120.8,65.34,41.15,142.53,99.46,117.71,34.4,91.35,172.5,108.6,211.76,93.08,99.27,192.94,93.75,145.21,132.03,138.03,233.01,104.29,120.8,65.34,41.15,142.53,99.46,117.71,34.4,92.41,158.77,111.9,170.64,95.37,104.11,175.65,96.58,143.47,118.3
81.26,285.51,233.36,178.09,78.51,95.52,15.6,158.4,66.53,128.9,64.13,195.41,212.5,223.29,131.62,160.72,56.36,197.52,80.96,191.5,165.64,285.51,233.36,178.09,78.51,95.52,15.6,158.4,66.53,128.9,64.13,194.76,201.97,212.67,130.85,163.37,69.75,185.7,89.83,190.89,168.52
128.51,199.19,154.18,74.17,123.17,74.94,45.3,75.65,73.78,86.97,88.24,93.96,129.78,102.4,176.01,136.54,110.28,111.87,101.68,117.26,139.92,199.19,154.18,74.17,123.17,74.94,45.3,75.65,73.78,86.97,88.24,96.86,132.72,114.01,172.44,130.46,118.44,116.03,103.35,107.98,140
93.2,163.68,25.68,76.49,77.86,74.82,43.6,79.93,31.63,112.58,149.58,128.92,46.62,121.25,153.56,146.54,97.57,162.06,46.78,166.49,231.83,163.68,25.68,76.49,77.86,74.82,43.6,79.93,31.63,112.58,149.58,128.89,69.2,129.04,152.26,152.84,116.33,155.68,53.98,182.09,237.49
33.68,78.8,29.79,36.02,60.76,38.31,95.42,28.56,38.43,55.15,24.82,42.12,35.64,36.48,82.23,61.09,62.07,57.86,40.84,71.19,30.03,78.8,29.79,36.02,60.76,38.31,95.42,28.56,38.43,55.15,24.82,40.59,34.72,35.99,93.88,60.01,58.44,57.99,43.94,70.5,29.54
3.58,87.33,25.64,15.58,47.05,14.98,124.89,24.31,24.04,2.44,14.19,16.14,9.39,13.2,31.99,18.29,27.72,36.63,35.08,3.2,38,87.33,25.64,15.58,47.05,14.98,124.89,24.31,24.04,2.44,14.19,13.4,3.47,10.99,40.77,15.96,42.51,57.7,37.78,1.3,36.92
24.88,98.58,34.53,9.94,37.36,27.73,116.43,28.17,5.56,18.18,0.28,15.54,13.96,7.72,22.56,27.4,17.53,31.3,6.04,50.89,3.44,98.58,34.53,9.94,37.36,27.73,116.43,28.17,5.56,18.18,0.28,13.09,6.16,4.18,20.16,38.04,22.59,37.48,4.92,49.25,7.62
29.38,172.4,27.39,22.31,15.24,44.14,136.27,43.26,6,11.11,7.57,14.97,7.49,13.58,7.69,28.36,19.12,25.71,5.45,22.34,35.15,172.4,27.39,22.31,15.24,44.14,136.27,43.26,6,11.11,7.57,14.31,4.33,11.72,5.91,36.86,27.25,34.43,4.55,24.81,27.92
62.68,257.16,105.5,39.17,132.52,71,47.59,38.12,24.46,30.65,0.16,39.18,29.48,32.17,75.35,47.26,17.16,34.27,21.24,87.07,0.87,257.16,105.5,39.17,132.52,71,47.59,38.12,24.46,30.65,0.16,33.87,20.54,22.92,116,31.26,25.94,40.94,12.83,124.12,1.05
13.83,351.6,112.17,26.63,67.77,52.6,13.79,20.32,43.43,22.12,2.69,59.65,39.5,24.55,37.12,41.2,15.45,36.97,37.05,43.66,8.25,351.6,112.17,26.63,67.77,52.6,13.79,20.32,43.43,22.12,2.69,56.26,35.44,14.55,55.88,42.59,12.47,33.94,24.44,32.43,9.48
106.6,252.03,64.68,38.48,67.69,55.93,15.23,47.05,26.74,43.78,4.42,57.16,38.73,50.74,60.2,72.48,30.26,53.77,34.7,69.45,13.05,252.03,64.68,38.48,67.69,55.93,15.23,47.05,26.74,43.78,4.42,56.63,39.1,52.83,64.95,71.46,30.31,56.42,35.6,68.36,39.56
42.71,358.97,197.29,56.44,73.99,32.92,23.35,58.1,76.52,80.69,38.07,120.56,119.28,63.34,78.34,40.47,52.56,50.81,83.89,81.4,110.2,358.97,197.29,56.44,73.99,32.92,23.35,58.1,76.52,80.69,38.07,132.83,122.28,63.13,78.65,44.1,53.89,53.28,83.66,72.9,117.96
83.96,175.57,75.82,177.51,66.93,19.98,22.56,80.37,225.58,101.14,1.72,116.15,56.12,184.81,117.33,28.44,54.43,108.8,212.65,124.77,6.61,175.57,75.82,177.51,66.93,19.98,22.56,80.37,225.58,101.14,1.72,116.49,65.77,165.42,116.07,44.38,66.4,112.74,189.07,124.23,59.15
200.39,172.65,234.76,150.89,119,151.2,63.17,79.79,220.87,114.18,40.33,118.16,213.74,189.19,199.51,254.43,228.29,99.48,268.79,169.62,104.17,172.65,234.76,150.89,119,151.2,63.17,79.79,220.87,114.18,40.33,118.51,196.98,179.43,196.71,224.13,209.95,101.1,255.81,169.88,124.53
111.56,222,216.13,50.97,149.36,98.07,52.21,101.65,60.58,91.91,50.01,143.23,181.91,70.38,213.43,178.67,127.03,150.28,83.46,123.92,79.32,222,216.13,50.97,149.36,98.07,52.21,101.65,60.58,91.91,50.01,143.16,181.67,83.17,206.64,171.83,128.2,148.4,86.07,121.85,79.45
160.7,165.23,82.08,71.17,68.39,29.15,15.99,38.04,140.72,105.79,16.14,130.14,148.97,112.79,134.87,57.1,35.81,77.1,208.12,156.45,25.02,165.23,82.08,71.17,68.39,29.15,15.99,38.04,140.72,105.79,16.14,130.48,142.81,113.76,133.98,73.33,59.59,90.79,202.91,160.06,23.06
87.75,148.32,61.3,53.47,27.59,23.02,58.37,26.28,44.21,54.2,8.26,79.28,73.34,54.16,37.31,36.69,37.97,53.26,46.98,69.96,10,148.32,61.3,53.47,27.59,23.02,58.37,26.28,44.21,54.2,8.26,80.68,74.72,53.53,35.38,38.73,40.92,53.35,48.72,68.03,8.66
26.96,60.82,40.88,27.41,30.79,16.86,68.81,22.1,4.47,8.03,2.74,11.24,14.99,23.24,20.91,20.61,15.28,33.27,6.55,10.51,7.35,60.82,40.88,27.41,30.79,16.86,68.81,22.1,4.47,8.03,2.74,8.11,12.19,22.71,22.93,16.22,9.73,35.74,5.86,9.37,6.44
13.3,65.57,64.16,39.25,23.74,9.87,281.29,15.63,0.3,11.69,0,10.34,25.93,30.6,14.33,9.75,42.31,17.34,0.31,32.7,0,65.57,64.16,39.25,23.74,9.87,281.29,15.63,0.3,11.69,0,6.88,25.28,46.08,18.64,6.53,72.86,16.15,0.16,34.24,0
22.63,131.77,31.23,36.45,27.05,21.58,93.36,21.13,6.21,7.72,0,11.44,8.55,22.16,13.66,13.84,13.09,12.56,5.61,15.5,0,131.77,31.23,36.45,27.05,21.58,93.36,21.13,6.21,7.72,0,7.54,5.89,27.79,12.25,13.18,13.36,26.26,3.32,13.57,0
34.3,303.96,89.99,8.81,27.84,97.07,72.79,30.26,34.13,17.22,2.75,46.33,25.17,7.25,15.84,64.64,26.27,27.2,29.66,48.94,14.87,303.96,89.99,8.81,27.84,97.07,72.79,30.26,34.13,17.22,2.75,54.75,19.7,2.71,6,93.34,16.61,23.74,20.75,48.65,16.46
57.66,280.12,130.35,39.82,124.05,35.48,26.3,22.05,43.78,16.46,3.29,47.51,45.89,36.66,67.9,27.78,29.5,40.13,37.36,32.47,10.1,280.12,130.35,39.82,124.05,35.48,26.3,22.05,43.78,16.46,3.29,49.29,47.73,31.22,77.81,21.16,27.58,42.2,31.19,22.3,10.09
84.94,311.25,56.68,22.57,70.16,104.72,21.6,43.54,37.71,28.14,2.51,70.6,33.95,29.8,62.38,135.68,42.9,49.78,49.01,44.63,7.42,311.25,56.68,22.57,70.16,104.72,21.6,43.54,37.71,28.14,2.51,71.43,34.17,33.32,59.93,127.12,43.14,56.25,49.33,42.77,23.47
104.32,119.35,79.34,35.61,52.66,17.01,62.52,73.25,92.92,50.91,12.84,40.07,47.97,39.98,55.77,20.93,140.72,64.09,101.86,51.34,37.15,119.35,79.34,35.61,52.66,17.01,62.52,73.25,92.92,50.91,12.84,33.56,46.58,42.64,55.48,24.18,138.25,67.18,100.79,45.49,64.54
174.93,167.27,132.25,93.18,45.79,82.23,24.28,43.39,220.65,118.17,18.38,110.69,97.92,97.01,80.28,117.14,58.55,58.75,208.05,145.79,70.55,167.27,132.25,93.18,45.79,82.23,24.28,43.39,220.65,118.17,18.38,110.59,101.69,96.61,86.9,118.63,73,73.09,190.67,150.79,42.25
167.13,175.32,221.37,179.82,54.97,76.3,116.14,246.25,236.07,106.38,48.93,119.98,201.55,225.45,92.16,128.39,419.7,307.07,287.31,158.04,126.37,175.32,221.37,179.82,54.97,76.3,116.14,246.25,236.07,106.38,48.93,120.48,192.59,207.83,100.73,133.59,277.58,245.07,266.03,169.79,124.8
153.67,232.3,221.05,84.13,92.58,62.48,51.09,81.7,114.81,151.57,46.71,149.88,186.06,116.18,132.3,113.85,124.33,120.82,158.2,204.33,74.08,232.3,221.05,84.13,92.58,62.48,51.09,81.7,114.81,151.57,46.71,149.83,183.8,122.78,130.06,118.64,141.04,119.08,158.78,236.84,74.12
145.58,106.6,58.9,145.36,89.89,181.77,21.26,62.94,103.03,88.59,109.96,83.94,106.88,230.38,177.26,356.06,47.58,127.58,152.38,131.04,170.44,106.6,58.9,145.36,89.89,181.77,21.26,62.94,103.03,88.59,109.96,85.38,119.25,209.64,175.17,282.8,73.11,137.16,153.57,134.07,169.82
68.17,113.43,15.58,55.93,24.77,27,82.14,29.3,57.51,66.64,83.67,60.62,18.63,56.65,33.51,43.05,53.43,59.38,61.11,86.02,101.2,113.43,15.58,55.93,24.77,27,82.14,29.3,57.51,66.64,83.67,60.17,17.64,56.4,30.16,43.82,51.27,59.42,61.06,89.81,102.9
20.72,83.65,34.98,39.04,34.26,9.73,78.23,4.5,3.76,14.84,8.79,15.44,12.85,33.08,23.29,11.9,17.37,6.77,5.5,19.45,23.54,83.65,34.98,39.04,34.26,9.73,78.23,4.5,3.76,14.84,8.79,12.79,5.6,34,24.31,8.65,13.21,4.24,4.92,17.94,22.01
5.91,160.77,4.98,32.27,40.13,3.51,100.56,13.73,25.64,2.83,0.13,25.4,2.02,25.15,24.23,3.48,15.14,15.23,27.88,7.92,1.6,160.77,4.98,32.27,40.13,3.51,100.56,13.73,25.64,2.83,0.13,34.16,0.3,33.78,37.97,1.16,9.61,11.37,28.39,8.86,3.8
6.18,223.76,45.79,8.08,34.47,10.63,119.78,25.48,17.12,12.15,0,19.43,12.55,4.92,17.42,6.84,16.8,15.14,15.5,24.42,0,223.76,45.79,8.08,34.47,10.63,119.78,25.48,17.12,12.15,0,20.89,10.56,2.38,18.22,5.13,17.46,9.85,17.86,31.39,0
6.28,148.86,96.22,14.25,40.6,1.07,37.23,34.85,23.17,8.56,0.22,22.68,26.88,11.7,23.08,0.71,13.43,31.34,20.14,24.33,1.19,148.86,96.22,14.25,40.6,1.07,37.23,34.85,23.17,8.56,0.22,8.96,20.89,7.43,14.07,0.13,4.41,41.36,10.59,23.36,1.53
38.89,159.66,94.81,65.61,80.52,73.86,23.47,18.69,105.67,16.44,25.81,27.09,33.39,60.47,44.06,57.86,26.32,33.99,90.14,32.44,79.24,159.66,94.81,65.61,80.52,73.86,23.47,18.69,105.67,16.44,25.81,17.22,17.34,65.85,42.45,73.03,23.85,29.47,123.93,34.89,79.57
28.84,165.7,81.66,41.77,72.46,13.35,8.17,93.33,69.17,45.82,103.55,37.59,48.88,55.09,64.46,17.3,16.23,106.69,89.89,72.68,305.98,165.7,81.66,41.77,72.46,13.35,8.17,93.33,69.17,45.82,103.55,33.96,48.62,56.56,67.18,20.56,16.35,88.05,88.62,74.15,176.47
49.74,175.54,76.8,33.68,33.32,51.93,22.5,43.27,45.75,111.12,45.69,58.98,46.42,37.8,35.27,63.84,50.67,37.84,50.17,112.07,132.25,175.54,76.8,33.68,33.32,51.93,22.5,43.27,45.75,111.12,45.69,59.55,46.05,41.06,34.79,64.19,52.26,41.57,49.56,118.25,129.86
91.47,120.22,82.83,112.08,52.96,43.11,41.39,77.07,134.94,103.77,94.3,79.54,61.32,116.67,92.84,61.41,99.84,104.33,127.21,128.03,361.96,120.22,82.83,112.08,52.96,43.11,41.39,77.07,134.94,103.77,94.3,80.66,65.09,124,102.31,81.31,106.92,104.76,122.25,129.02,228.15
142.94,255.83,183.46,126.24,81.38,104.71,74.85,147.76,136.96,155.26,115.35,175.08,167.06,158.24,136.44,176.22,270.47,184.25,166.69,230.64,297.9,255.83,183.46,126.24,81.38,104.71,74.85,147.76,136.96,155.26,115.35,174.49,158.28,160.15,139.17,173.51,239.13,187.2,164.97,251.02,230.84
108.15,159.03,361.55,92.48,127.38,81.75,56.25,72.97,72.36,151.03,126.77,102.59,304.36,127.7,182,148.93,136.89,107.87,99.71,203.61,201.04,159.03,361.55,92.48,127.38,81.75,56.25,72.97,72.36,151.03,126.77,99.7,274.6,130.1,177.51,152.53,141.99,113.87,101.07,244.64,201.03
146.37,173.18,253.39,49.16,81.09,74.46,31.97,77.66,88.39,85.28,139.83,136.4,459.84,77.95,159.91,145.84,71.54,157.43,130.71,126.12,216.73,173.18,253.39,49.16,81.09,74.46,31.97,77.66,88.39,85.28,139.83,136.88,331.06,89.28,158.31,154.11,99.29,144.78,133.5,129.22,220.56
52.38,89.63,45.78,73.73,44.49,24.05,85.89,31.75,51.93,53.32,104.15,47.9,54.76,74.67,60.22,38.36,55.87,64.35,55.15,68.82,126.03,89.63,45.78,73.73,44.49,24.05,85.89,31.75,51.93,53.32,104.15,46.53,54.51,75.28,59.99,39.9,54.45,64.31,55.82,67.98,128.13
10.52,187.33,68.21,5.34,62.46,3.98,98.98,21.43,5.03,26.35,36.53,34.58,25.01,4.52,42.45,4.88,21.97,32.27,7.36,34.53,97.86,187.33,68.21,5.34,62.46,3.98,98.98,21.43,5.03,26.35,36.53,35.49,20.44,2.41,46.64,2.29,20.37,31.79,7.06,45.1,115.05
6.69,61.17,24.69,14.93,14.91,8.06,126.74,12.42,5.45,2.32,0.39,9.66,9.99,11.61,9.01,7.98,19.06,13.8,5.93,6.5,4.8,61.17,24.69,14.93,14.91,8.06,126.74,12.42,5.45,2.32,0.39,5.92,3.73,7.11,4.66,4.1,15.42,11.45,4.77,7.03,15.46
4.66,271.93,65.11,14.62,41.82,14.07,37.87,21.05,19.57,9.54,0.06,23.61,17.82,8.9,21.13,9.05,5.33,12.5,17.68,19.17,0.28,271.93,65.11,14.62,41.82,14.07,37.87,21.05,19.57,9.54,0.06,34.32,31.56,6.55,31.54,6.18,1.47,26.33,12.37,23.64,3.25
6.39,225.37,111.9,21.29,43.37,31.3,66.38,26.84,23.45,3.42,1.41,34.34,31.29,17.48,24.67,20.85,23.97,24.12,20.38,9.73,7.62,225.37,111.9,21.29,43.37,31.3,66.38,26.84,23.45,3.42,1.41,33,25.88,10.66,18.77,59.18,18.47,20.8,10.47,3.01,7.77
32.17,215.66,116.25,49.34,53.85,42.71,26.43,27.51,36.79,20.46,55.68,36.57,40.92,45.42,29.49,33.47,29.67,50.05,31.37,40.39,170.94,215.66,116.25,49.34,53.85,42.71,26.43,27.51,36.79,20.46,55.68,33.69,31.97,55.96,19.03,27.89,26.28,50.72,18.29,37.28,165.15
45.66,268.73,104.09,50.89,68.96,73.34,37.65,67.95,33.8,12.62,68.37,60.96,62.29,67.1,61.29,95.03,74.78,77.69,43.93,20.01,202.02,268.73,104.09,50.89,68.96,73.34,37.65,67.95,33.8,12.62,68.37,59.98,61.63,64.75,58.12,82.96,74.75,66.77,45.13,18.85,135.88
71.03,183.49,128.4,114.07,62.51,85.16,29.81,87.25,52.36,57.24,1.48,61.63,77.64,128.01,66.19,104.69,67.11,76.35,57.4,57.7,4.29,183.49,128.4,114.07,62.51,85.16,29.81,87.25,52.36,57.24,1.48,59.97,78.75,120.27,65.95,97.05,66.77,75.82,58.39,59.64,23.34
79.07,148.98,80.56,98.36,61.24,78.04,52.23,120.34,69.7,105.12,55.41,98.6,59.65,102.39,107.32,111.17,125.97,162.86,65.74,129.65,212.67,148.98,80.56,98.36,61.24,78.04,52.23,120.34,69.7,105.12,55.41,99.12,66.53,102.16,112.26,113.7,129.46,143.81,72.96,125.38,177.45
163.85,163.45,134.41,180.77,119.07,118.71,52.92,106.54,47.92,101.1,90.35,111.88,122.38,226.64,199.61,199.77,191.25,132.82,58.32,150.2,233.34,163.45,134.41,180.77,119.07,118.71,52.92,106.54,47.92,101.1,90.35,112.62,128.4,209.64,198.29,192.26,193.8,133.14,63.49,144.69,208.3
152.79,91.18,108.94,96.69,99.86,99.83,47.14,119.51,73.31,74.7,125.34,24.31,91.71,133.51,142.7,181.88,114.72,176.71,101.03,100.7,198.75,91.18,108.94,96.69,99.86,99.83,47.14,119.51,73.31,74.7,125.34,23.06,101.07,138.57,144.53,175.17,124.72,175.21,100.64,78.47,198.59
150.9,150.04,40.2,97.69,98.52,68.17,72.88,92.83,52.85,42.9,98.79,118.18,72.97,154.85,194.29,133.54,163.1,188.2,78.17,63.43,153.1,150.04,40.2,97.69,98.52,68.17,72.88,92.83,52.85,42.9,98.79,118.5,90.23,149.49,186.93,140.12,148.95,169.72,83.41,44.19,153.27
67.88,62.51,35.82,46.99,32.56,32.93,107.64,40.98,16.47,13.41,36.04,33.4,42.86,47.59,44.07,52.51,70,83.03,17.52,17.32,43.62,62.51,35.82,46.99,32.56,32.93,107.64,40.98,16.47,13.41,36.04,32.04,41.73,47.26,40.57,53.2,67.62,82.89,20.38,15.85,42.53
14.2,179.11,45.51,17.87,14.84,21.56,190.28,6.42,6.09,5.3,11.85,33.07,16.7,15.15,10.1,26.35,42.23,9.66,8.91,6.95,31.75,179.11,45.51,17.87,14.84,21.56,190.28,6.42,6.09,5.3,11.85,52.89,16.63,11.99,4.21,27.54,52.25,7.54,8.29,4.21,32.2
2.12,125.63,14.14,33.93,8.47,14.84,198.94,18.07,12.03,6.93,6.59,19.85,5.72,26.46,5.1,14.68,29.93,20.07,13.08,19.4,81.12,125.63,14.14,33.93,8.47,14.84,198.94,18.07,12.03,6.93,6.59,20.72,6.72,31.24,3.53,29.3,33.45,16.15,11.09,16.78,65.03
4.97,184.56,51.42,10.2,40.11,12.05,36.69,20.17,5.05,3.36,1.15,16.02,14.09,6.22,20.26,7.74,5.16,11.99,4.56,6.75,5.35,184.56,51.42,10.2,40.11,12.05,36.69,20.17,5.05,3.36,1.15,31.8,12.34,3.48,28.53,6.18,2.07,13.68,2.06,5.86,13.21
31.03,72.3,81.77,83.59,78.64,15.64,16.78,37.97,21.72,1.99,0,11.02,22.88,68.65,44.74,10.43,6.06,34.14,18.88,5.66,0,72.3,81.77,83.59,78.64,15.64,16.78,37.97,21.72,1.99,0,6.24,12.51,90.24,52.07,5.78,1.33,38.02,9.34,2.08,0
34.14,259.93,73.79,59.82,84.5,89.27,16.29,32.44,43.71,14.11,6,44.06,25.99,55.12,46.26,69.95,18.25,59.03,37.27,27.87,18.42,259.93,73.79,59.82,84.5,89.27,16.29,32.44,43.71,14.11,6,32.27,15.13,54.03,38.61,70.86,15.9,58.63,43.87,21.48,18.84
48.36,284.03,54.35,31.74,82.48,28.6,17.83,39.68,52.44,24.37,0.01,64.42,32.51,41.85,73.34,37.07,35.41,45.37,68.16,38.64,0.03,284.03,54.35,31.74,82.48,28.6,17.83,39.68,52.44,24.37,0.01,72.79,32.9,45.38,81.16,40.41,35.6,50.31,66.89,37.65,2.17
38.88,158.61,85.33,71.91,47.84,30.92,30.01,58.67,23.23,28.01,2.95,53.28,51.59,80.7,50.69,38.02,67.56,51.31,25.46,28.23,8.54,158.61,85.33,71.91,47.84,30.92,30.01,58.67,23.23,28.01,2.95,49.14,51.13,78.66,50.17,41.77,68.48,53.69,31.88,19.55,30.24
118.69,116.6,104.18,46.31,32.15,57.66,51.61,51.87,60.29,58.53,16.06,77.15,77.12,48.22,56.39,82.14,124.5,70.17,56.85,72.22,61.67,116.6,104.18,46.31,32.15,57.66,51.61,51.87,60.29,58.53,16.06,78.26,81.87,58.89,69.56,88.7,133.79,85.07,69.75,66.73,143.65
186.14,197.04,167.65,109.27,95.51,130.71,29.18,144.72,106.93,59.41,88.02,134.84,152.63,137,160.13,219.96,105.45,180.51,130.13,88.25,227.33,197.04,167.65,109.27,95.51,130.71,29.18,144.72,106.93,59.41,88.02,134.95,160.2,137.97,160.87,210.59,128.88,177.49,135.96,72.81,207.8
135.05,176.57,179.72,98.67,60.95,77.04,58.92,61.6,63.26,88.55,79.48,113.91,151.25,136.25,87.1,140.35,143.38,91.08,87.16,119.38,126.04,176.57,179.72,98.67,60.95,77.04,58.92,61.6,63.26,88.55,79.48,111.91,147.09,140.21,93.46,134.95,126.93,98.97,89.44,115.66,126.12
84.83,130.34,61.45,91.81,64.8,69.73,41.96,86.67,90.26,52.01,124.13,102.64,111.54,145.5,127.78,136.59,93.92,175.7,133.47,76.94,192.39,130.34,61.45,91.81,64.8,69.73,41.96,86.67,90.26,52.01,124.13,103.88,126.22,150.8,129.82,138.88,108.81,174.36,133.23,60.83,193.57
54.24,71.85,97.6,54.86,39.7,61.28,83.82,22.46,47.93,35.31,64.23,38.41,116.73,55.56,53.74,97.68,54.53,45.49,50.93,45.57,77.72,71.85,97.6,54.86,39.7,61.28,83.82,22.46,47.93,35.31,64.23,36.79,120.57,56.36,52.02,95.88,56.58,45.67,51.94,42.39,79.33
13.75,96.5,54.08,22.05,32.84,12.6,50.39,2.74,17.39,7.43,5.52,17.83,19.82,18.71,22.34,15.39,11.17,4.12,25.41,9.71,14.77,96.5,54.08,22.05,32.84,12.6,50.39,2.74,17.39,7.43,5.52,14.8,22.85,16.96,22.11,14.26,6.34,2.71,24.88,6.98,11.96
0.93,49.86,43.08,3.2,20.83,23.98,131.58,3.74,11.67,0.83,7.41,7.88,17.43,2.48,12.57,23.69,19.78,4.15,12.66,2.33,91.21,49.86,43.08,3.2,20.83,23.98,131.58,3.74,11.67,0.83,7.41,5.68,21.28,1.68,6.85,30.17,31.92,1.64,11.22,3.46,53.8
1.97,24.65,42.04,14.8,16.89,19.6,59.79,11.95,5.42,0.31,11.64,2.15,11.51,9,8.54,12.59,8.39,7.1,4.91,0.62,54.05,24.65,42.04,14.8,16.89,19.6,59.79,11.95,5.42,0.31,11.64,1.07,7.13,9.13,6.79,12.04,2.9,3.13,1.82,0.31,32.53
44.56,106.54,113.13,27.83,22.33,78.61,33.12,30.58,12.01,2.15,7.01,16.25,31.61,22.85,12.7,52.35,11.98,27.5,10.44,6.12,37.9,106.54,113.13,27.83,22.33,78.61,33.12,30.58,12.01,2.15,7.01,7.9,72.27,17.2,5.17,48.45,5.66,67.03,4.34,1.64,37.47
67.9,76.73,144.3,41.16,54.49,46.95,10.55,12.07,47.3,19.6,1.6,13.03,50.85,37.92,29.83,36.76,11.83,21.98,40.34,38.7,4.91,76.73,144.3,41.16,54.49,46.95,10.55,12.07,47.3,19.6,1.6,4.4,51.29,34.64,18.58,34.59,9.17,16.44,39.69,29.69,5.37
48.45,266.4,135.4,34.18,60.88,58.25,20.77,90.17,22.81,69.75,32.27,60.39,81.04,45.09,54.14,75.48,41.27,103.08,29.66,110.63,95.38,266.4,135.4,34.18,60.88,58.25,20.77,90.17,22.81,69.75,32.27,62.97,80.89,48.42,52.99,75.25,41.4,80.72,30.77,112.44,102.11
73.76,224.09,167.68,62.01,54.66,77.66,28.68,100.51,48.59,98.95,2.91,75.28,101.36,69.6,57.88,95.47,64.56,87.93,53.27,99.81,8.41,224.09,167.68,62.01,54.66,77.66,28.68,100.51,48.59,98.95,2.91,84.2,102.75,71.65,57.53,93.45,65.7,86.3,57.21,105.36,17.2
150.23,136.32,139.71,92.44,33.91,43.19,41,62.73,129.13,92.81,17.71,90.19,103.43,96.25,59.47,61.51,98.92,84.87,121.72,114.51,67.99,136.32,139.71,92.44,33.91,43.19,41,62.73,129.13,92.81,17.71,91.35,108.03,102.11,73.61,79.94,101.48,86.47,125.17,115.49,109.85
205.54,233.35,43.38,133.61,128.15,80.07,23.48,87.88,180.11,129.02,17.72,159.69,39.49,167.48,214.82,134.74,84.86,109.56,219.25,191.64,45.76,233.35,43.38,133.61,128.15,80.07,23.48,87.88,180.11,129.02,17.72,159.88,55.2,162.12,207.14,134.91,110.98,121.97,211.1,200.09,63.34
125.81,209.92,120.41,108.25,115.63,49.33,52.42,95.28,135.99,96.2,82.02,135.42,101.36,149.48,165.28,89.89,127.57,140.86,187.42,129.71,130.08,209.92,120.41,108.25,115.63,49.33,52.42,95.28,135.99,96.2,82.02,135.33,108.89,151.35,164.57,96.25,115.61,137.87,185.51,123.04,130.01
130.55,199.37,59.11,112.67,137.92,102.71,60.2,74.44,163.27,106.09,41.56,157.02,107.29,178.56,272.02,201.18,134.7,150.91,241.47,156.91,64.42,199.37,59.11,112.67,137.92,102.71,60.2,74.44,163.27,106.09,41.56,156.97,123.64,171.61,255.52,168.02,130.51,151.85,228.58,153.2,61.11
46.14,198.24,59.3,59.8,29.34,42.93,120.54,30.31,50.6,52.22,16.57,105.96,70.93,60.55,39.71,68.47,78.4,61.4,53.76,67.41,20.04,198.24,59.3,59.8,29.34,42.93,120.54,30.31,50.6,52.22,16.57,111.06,71.59,60.97,36.44,68.45,76.43,61.45,54.3,67.32,18.7
2.53,108.67,41.03,12.79,13.29,27.86,107.55,10.87,13.48,22.76,17.42,20.04,15.05,10.83,9.04,34.01,23.84,16.37,19.7,29.83,46.65,108.67,41.03,12.79,13.29,27.86,107.55,10.87,13.48,22.76,17.42,20.2,7.73,6.55,2.75,49.86,18.56,14.74,18.65,41.5,50.21
16.82,157.81,35.28,11.76,9.79,26.79,56.07,11.18,0.76,0.01,0,24.91,14.26,9.17,5.92,26.48,8.42,12.41,0.82,0.03,0,157.81,35.28,11.76,9.79,26.79,56.07,11.18,0.76,0.01,0,24.01,5.81,5.85,2.51,23.27,5.46,10.68,0.5,0.09,0
0.94,81.77,38.74,44.07,22.25,39.85,34.46,26.95,18.1,0.24,0.04,7.13,10.6,26.79,11.24,25.59,4.86,16,16.38,0.48,0.19,81.77,38.74,44.07,22.25,39.85,34.46,26.95,18.1,0.24,0.04,3.28,8.55,49.57,9.37,27.1,2.36,14.61,13.5,0.16,2.82
10.97,150.53,102.28,27.89,47.29,63.83,38.68,24.09,5.9,3.15,15.09,22.93,28.59,22.89,26.88,42.51,13.97,21.64,5.12,8.96,81.59,150.53,102.28,27.89,47.29,63.83,38.68,24.09,5.9,3.15,15.09,14.3,34.77,15.28,16.88,30.24,7.75,16.07,1.5,6.46,80.79
19.67,218.47,147.46,35.19,123.18,23.16,8.86,21.48,56.64,6,0.39,37.07,51.92,32.4,67.41,18.12,9.94,39.06,48.33,11.84,1.2,218.47,147.46,35.19,123.18,23.16,8.86,21.48,56.64,6,0.39,26.4,48.51,24,91.46,13.01,7.84,38.67,46.54,6.79,1.45
68.21,244.99,106.86,63.62,79.69,61.34,13.85,45.68,47.43,52.95,7.99,55.56,63.96,83.89,70.84,79.49,27.56,52.22,61.67,83.97,23.61,244.99,106.86,63.62,79.69,61.34,13.85,45.68,47.43,52.95,7.99,55.61,64.13,78.99,83.92,72.77,27.78,60.06,61.82,86.05,45.57
51.1,327.25,94.02,75.8,61.8,55.12,23.27,99.49,50.11,67.5,37.18,109.94,56.83,85.09,65.46,67.77,52.39,87.04,54.91,68.08,107.6,327.25,94.02,75.8,61.8,55.12,23.27,99.49,50.11,67.5,37.18,126.18,55.8,82.55,65.25,68.88,52.8,84.73,58.83,73.54,94.86
106.67,217.69,123.25,113.49,27.19,163.15,33.47,41.42,182.32,62.24,55.12,144.06,91.26,118.15,47.68,232.39,80.74,56.03,171.9,76.75,211.58,217.69,123.25,113.49,27.19,163.15,33.47,41.42,182.32,62.24,55.12,143.72,96.51,115.28,63.85,191.64,86.46,65.19,161.63,68.08,194.35
136.38,207.26,164.56,109.4,71.99,67.39,36.15,185,158.31,103.17,47.01,141.86,149.84,137.13,120.68,113.4,130.64,230.67,192.68,153.22,121.41,207.26,164.56,109.4,71.99,67.39,36.15,185,158.31,103.17,47.01,142.3,151.99,143.48,121.63,119.37,153.6,221.16,192.37,159.84,135.13
171.43,325.82,97.91,102.4,105.27,104.29,49.91,70.5,143.09,91.93,123.48,210.18,82.41,141.42,150.45,190,121.43,104.25,197.2,123.94,195.81,325.82,97.91,102.4,105.27,104.29,49.91,70.5,143.09,91.93,123.48,215.8,93.72,144.45,145.63,185.03,127.45,107.1,195.58,117.57,195.68
138.86,177.35,51.59,65.3,75.33,40.85,83.93,76.55,213.91,105.27,48.97,139.7,93.62,103.51,148.55,80,187.83,155.19,316.36,155.66,75.91,177.35,51.59,65.3,75.33,40.85,83.93,76.55,213.91,105.27,48.97,139.83,112.94,111.88,149.45,96.32,160.79,154.34,290.3,154.73,73.31
89.29,141.73,59.82,52.25,43.99,24.27,179.08,12.06,24.11,56.92,49.48,75.76,71.52,52.9,59.55,38.71,116.45,24.42,25.59,73.49,59.86,141.73,59.82,52.25,43.99,24.27,179.08,12.06,24.11,56.92,49.48,77.52,73.1,52.65,57.78,40.38,109.75,24.52,28.11,73.13,58.7
15.61,40.11,64.67,10.1,8.08,6.68,125.14,9.4,18.7,19.77,5.97,7.38,23.72,8.55,5.48,8.18,27.78,14.16,27.31,25.91,15.98,40.11,64.67,10.1,8.08,6.68,125.14,9.4,18.7,19.77,5.97,4.06,17.45,4.73,1.49,3.75,28.62,12.31,27.82,24.78,15.53
7.14,168.74,23,20.98,24.17,6.02,109.73,10.91,14.95,0.3,0.38,26.65,9.32,16.35,14.61,5.96,16.48,12.12,16.25,0.84,4.68,168.74,23,20.98,24.17,6.02,109.73,10.91,14.95,0.3,0.38,28.22,6.25,14.93,9.42,1.57,15.44,7.95,15.44,1.26,9.82
12.38,131.97,29.08,29.12,15.43,63.49,44.32,11.88,18.89,6.09,0,11.47,7.97,17.71,7.79,40.83,6.19,7.05,17.08,12.25,0,131.97,29.08,29.12,15.43,63.49,44.32,11.88,18.89,6.09,0,9.08,3.67,16.89,5.23,55.25,2.06,3.34,29,10.64,0
2.77,190.79,88.65,12.1,62.81,22.07,21.3,29.05,32.07,11.64,1.06,29.05,24.78,9.92,35.75,14.7,7.68,26.1,27.86,33.09,5.73,190.79,88.65,12.1,62.81,22.07,21.3,29.05,32.07,11.64,1.06,26.47,24.31,7.32,56.54,15.71,2.48,36.64,34.02,19.86,6.82
65.64,278.28,120.34,33.07,92.66,83.22,19.57,34.43,50.84,30.54,10.56,47.22,42.37,30.47,50.74,65.19,21.98,62.6,43.37,60.31,32.41,278.28,120.34,33.07,92.66,83.22,19.57,34.43,50.84,30.54,10.56,41.62,45.16,21.27,68.71,105.19,18.76,63.6,35.14,54.88,34.65
69.04,208.99,161.84,52.28,52.85,43.27,27.59,52.11,56.87,67.18,11.38,47.38,96.86,68.92,47.01,56.06,54.8,59.55,73.87,106.54,33.62,208.99,161.84,52.28,52.85,43.27,27.59,52.11,56.87,67.18,11.38,44.94,96.09,68.71,45.01,57.5,54.75,60.55,73.66,110.07,33.77
42.84,202.65,105.05,48.14,81.31,39.47,113.66,31.68,71.14,49.45,28.74,68.1,63.52,54.06,86.09,48.52,255.88,27.68,77.98,49.86,83.17,202.65,105.05,48.14,81.31,39.47,113.66,31.68,71.14,49.45,28.74,71.23,63.25,56.95,86.77,52.21,242.11,33.52,76.67,46.14,78.93
126.11,152.09,125.93,105.35,63.83,55.17,67.92,58.84,134.85,71.29,28.29,100.65,93.24,109.67,111.88,78.61,163.83,79.59,127.13,87.97,108.58,152.09,125.93,105.35,63.83,55.17,67.92,58.84,134.85,71.29,28.29,100.95,99.8,108.43,118.04,91.12,151.47,96.55,123.99,84.12,101.4
168.15,204.6,119.89,96.7,133.04,85.92,33.34,124.12,92.8,104.34,39.03,140.03,109.15,121.25,223.03,144.58,120.44,154.78,112.96,155.01,100.81,204.6,119.89,96.7,133.04,85.92,33.34,124.12,92.8,104.34,39.03,140.22,122.31,126.6,216.83,142.25,134.01,159.17,119.95,152.82,97.53
188.2,137.74,133.57,114.47,94.03,67.86,54.7,114.14,102.24,116.57,103.42,54.31,112.45,158.08,134.37,123.63,133.1,168.74,140.91,157.15,164.02,137.74,133.57,114.47,94.03,67.86,54.7,114.14,102.24,116.57,103.42,57.09,118.26,152.74,132.62,131.51,138.12,161.38,141.2,150.93,164.17
154.38,194.3,98.76,154.03,46.4,157.17,103.47,130.28,62.08,98.99,79.08,153.05,179.23,244.15,91.51,307.87,231.52,264.11,91.8,146.4,122.55,194.3,98.76,154.03,46.4,157.17,103.47,130.28,62.08,98.99,79.08,152.84,185.81,211.89,94.86,251.06,188.72,226.51,96.25,144.43,119.05
41.08,91.51,47.1,42.6,34.42,19.2,85.51,32.72,61.11,40.05,38.49,48.91,56.31,43.14,46.56,30.59,55.62,66.29,64.93,51.7,46.58,91.51,47.1,42.6,34.42,19.2,85.51,32.72,61.11,40.05,38.49,47.81,55.81,42.54,45.16,32.34,56.87,66.28,64.67,51.07,45.36
26.35,122.03,78.1,23.78,14.57,4.72,232.25,24.51,9.54,7.24,0.39,22.53,28.68,20.16,9.88,5.76,51.57,36.91,13.92,9.47,1.04,122.03,78.1,23.78,14.57,4.72,232.25,24.51,9.54,7.24,0.39,20.27,30.82,18.91,7.58,4.55,71.14,35.78,13.03,5.67,0.78
16.58,22.03,17.82,17.5,26.45,2.43,47.06,11.97,9.1,3.4,0.05,3.46,7.19,13.62,15.97,2.41,7.1,13.28,9.89,9.53,0.62,22.03,17.82,17.5,26.45,2.43,47.06,11.97,9.1,3.4,0.05,1.08,1.81,9,19.17,0.58,5.4,13.74,7.69,11.9,5.21
21.09,44.34,29.04,12.37,4.68,14.52,45.64,26.98,6.13,1.53,7.73,3.86,7.93,7.51,2.37,9.33,6.41,16.02,5.52,3.06,35.9,44.34,29.04,12.37,4.68,14.52,45.64,26.98,6.13,1.53,7.73,1.55,8.76,4.42,1.19,9.09,2.77,18.23,1.94,1.53,20.44
25.47,175.36,47.06,5.32,16.77,39.55,25.16,29.63,63.67,4.07,4.85,26.73,13.12,4.38,9.52,26.34,9.07,26.67,55.33,11.58,26.23,175.36,47.06,5.32,16.77,39.55,25.16,29.63,63.67,4.07,4.85,22.31,7.81,3.22,3.38,26.17,2.13,18.48,129.96,6.86,27.26
21.25,286.31,225.7,51.14,58.29,104.48,20.03,22,69.33,15.69,1.24,48.58,79.47,47.12,31.91,81.87,22.49,40.04,59.12,30.97,3.8,286.31,225.7,51.14,58.29,104.48,20.03,22,69.33,15.69,1.24,61.31,118.67,39.49,27.91,90.06,18.16,37.13,54.24,42.4,4.37
98.53,225.33,107.66,26.47,67.18,40.1,52.62,63.61,36.1,20.86,6.33,51.08,64.46,34.93,59.74,51.97,104.49,72.71,46.9,33.09,18.69,225.33,107.66,26.47,67.18,40.1,52.62,63.61,36.1,20.86,6.33,48.54,64.4,38.96,61.23,54.32,104.23,69.94,47.92,32.28,49.21
33.86,219.22,141.65,49.02,45.1,44.02,25.97,57.89,33.89,10.63,7.96,73.62,85.64,55.04,47.76,54.12,58.47,50.65,37.17,10.72,23.03,219.22,141.65,49.02,45.1,44.02,25.97,57.89,33.89,10.63,7.96,77.04,85.54,55.86,47.31,56.31,59.89,52.28,40.06,7.92,23.52
125,127.93,113.33,75.26,63.58,51.75,140.5,57.98,56.12,42.58,13.95,84.63,83.91,78.37,111.47,73.73,338.91,78.48,52.92,52.52,53.55,127.93,113.33,75.26,63.58,51.75,140.5,57.98,56.12,42.58,13.95,85.13,91.24,85.69,112.06,86.31,260.69,87.3,60.88,43.58,84.5
213.32,170.55,208.83,83.03,87.06,68.67,47.59,146.15,120.86,81.84,50.28,116.72,190.14,104.08,145.94,115.54,171.96,182.22,147.07,121.54,129.88,170.55,208.83,83.03,87.06,68.67,47.59,146.15,120.86,81.84,50.28,117.41,183.66,113.46,152.45,122.35,156.2,180.86,144.9,102.08,146.98
103.01,257.51,100.04,162.6,94.16,81.75,36.2,86.51,81.69,104.89,67.03,166.13,84.2,224.54,134.53,148.94,88.06,127.87,112.57,141.42,106.31,257.51,100.04,162.6,94.16,81.75,36.2,86.51,81.69,104.89,67.03,167.29,93.62,194.26,138.51,143.17,96.66,132.4,113.01,129.64,106.65
179.47,213.05,52.2,49.49,73,67.62,76.96,64.65,81.44,58.2,55.96,167.82,94.76,78.44,143.94,132.47,172.24,131.05,120.42,86.08,86.73,213.05,52.2,49.49,73,67.62,76.96,64.65,81.44,58.2,55.96,166.67,108.33,83.49,145.45,139.8,177.88,139.3,121.8,69.62,86.07
49.35,115.68,25.36,45.15,26.82,24.86,50.7,14.95,52.67,12.39,8.59,61.85,30.33,45.72,36.28,39.63,32.97,30.27,55.96,15.99,10.38,115.68,25.36,45.15,26.82,24.86,50.7,14.95,52.67,12.39,8.59,61.2,29.39,45.3,32.88,41.14,35.84,30.53,56.39,13.38,9.2
46.61,165.96,96.8,20.65,35.3,20.48,79.68,7.72,23.92,17.51,4.49,30.65,35.52,17.51,24.02,25.03,17.7,11.66,34.93,22.97,12.04,165.96,96.8,20.65,35.3,20.48,79.68,7.72,23.92,17.51,4.49,46.87,64.06,13.19,50.78,21.83,16.06,7.36,36.12,20.86,9.69
7.58,100,79.34,10.51,23.08,10.28,59.17,1.02,41.98,4.14,1.4,15.78,32.09,8.17,13.91,10.13,8.89,1.12,45.66,11.59,17.24,100,79.34,10.51,23.08,10.28,59.17,1.02,41.98,4.14,1.4,11.61,51.56,11.23,15.72,5.98,4.47,0.3,64.41,10.9,26.97
21.71,79.39,57.07,22.89,12.91,6.37,39.4,9.81,30.5,1.75,1.93,6.89,15.63,13.95,6.51,4.1,5.54,5.83,27.59,3.51,8.97,79.39,57.07,22.89,12.91,6.37,39.4,9.81,30.5,1.75,1.93,5.73,23.13,13.15,6.37,2.68,1.48,2.31,35.06,2.15,13.59
19.61,125.18,81.29,36.03,20.99,13.54,17.65,36.75,53.23,15.36,0,19.08,22.72,29.59,11.95,9.02,6.38,33.06,46.28,43.64,0,125.18,81.29,36.03,20.99,13.54,17.65,36.75,53.23,15.36,0,7.77,13.99,22.07,6.25,5.06,1.25,25.91,40.82,56.17,0
41.55,225.21,73.14,74.02,64.62,50.22,17.39,19.76,31.6,6.84,2.83,38.21,25.72,68.19,35.36,39.37,19.5,35.91,26.96,13.51,8.68,225.21,73.14,74.02,64.62,50.22,17.39,19.76,31.6,6.84,2.83,36.34,37.34,77.53,34.27,30.84,15.8,31.79,12.2,8.76,10.38
45.27,306.57,97.44,39.03,39.42,65.07,17.23,41.36,51.02,38.42,7.4,69.5,58.33,51.46,35.03,84.29,34.22,47.29,66.33,60.95,21.88,306.57,97.44,39.03,39.42,65.07,17.23,41.36,51.02,38.42,7.4,72.79,58.27,54.92,27.78,83.45,34.25,51.02,66.04,60.44,36.73
73.91,181.99,204.97,57.52,66.73,26.61,49.16,63.53,28.06,80.87,3.7,61.14,123.93,64.57,70.68,32.71,110.67,55.58,30.79,81.55,10.71,181.99,204.97,57.52,66.73,26.61,49.16,63.53,28.06,80.87,3.7,56.82,128.68,65.57,70.55,35.19,109.71,59.25,37.5,85.2,24.99
86.59,200.96,215.88,90.64,85.46,153.49,48.16,122.86,64.31,63.28,0.01,132.97,159.82,94.4,149.78,218.66,116.15,166.3,60.62,78.04,0.04,200.96,215.88,90.64,85.46,153.49,48.16,122.86,64.31,63.28,0.01,132.45,144.72,99.41,138.42,188.41,118.83,158.58,69.47,68.29,8.45
107.58,218.04,92.93,125.1,165,94.06,41.78,74.14,147.56,85.62,40.61,149.23,84.63,156.83,276.64,158.26,150.98,92.41,179.59,127.17,104.9,218.04,92.93,125.1,165,94.06,41.78,74.14,147.56,85.62,40.61,149.36,100.66,156.58,248.48,159.28,157.29,110.27,169.81,115.72,142.09
160.25,154.41,184.54,81.83,87.23,83.1,24.36,128.14,75.47,105.99,96.41,99.65,155.34,112.99,124.62,151.43,59.28,189.44,103.98,142.9,152.88,154.41,184.54,81.83,87.23,83.1,24.36,128.14,75.47,105.99,96.41,96.58,153.38,116.48,124.04,155.25,83.5,187.77,105.74,131.36,153
147.01,244.62,51.14,49.82,44.4,58.71,60.12,47.56,58.58,105.33,62.73,192.64,92.83,78.94,87.58,114.98,134.55,96.41,86.64,155.78,97.23,244.62,51.14,49.82,44.4,58.71,60.12,47.56,58.58,105.33,62.73,190.9,104.83,89.49,91.59,116.04,136.5,107.53,90.02,149.59,93.9
61.14,84.26,18.84,35.8,28.84,16.11,192.46,23.99,15.92,43.71,24.73,45.01,22.54,36.23,39.01,25.69,125.13,48.62,16.91,56.43,29.92,84.26,18.84,35.8,28.84,16.11,192.46,23.99,15.92,43.71,24.73,43.59,21.28,36.35,36.48,27.06,118.21,48.65,18.81,54.94,28.87
22.28,79.23,45.23,19.98,34.4,3.32,64.96,37.05,13.9,4.13,2.49,14.61,16.6,16.93,23.38,4.08,14.43,55.79,20.29,5.41,6.69,79.23,45.23,19.98,34.4,3.32,64.96,37.05,13.9,4.13,2.49,12,9.39,12.71,19.29,1.52,7.56,62.53,20.09,3.17,5.58
7.53,121.49,25.47,14.19,27.82,3.23,48.42,15.76,16.84,3.8,0.03,19.16,10.31,11.04,16.82,3.19,7.28,17.49,18.32,10.64,0.37,121.49,25.47,14.19,27.82,3.23,48.42,15.76,16.84,3.8,0.03,29.2,4.78,8.76,14.2,0.89,2.34,14.68,18.83,12.41,2.19
34,151.81,57.62,9.36,28.99,6.58,34.97,27.76,3.18,9.25,0,13.19,15.8,5.67,14.63,4.24,4.92,16.51,2.89,18.59,0,151.81,57.62,9.36,28.99,6.58,34.97,27.76,3.18,9.25,0,8.12,15.58,3.86,13.75,2.7,1.37,9.3,0.98,16.93,0
27.66,110.91,136.98,13.65,45.49,47.49,23.52,43.62,15.2,5.53,0.88,16.92,38.28,11.2,25.83,31.6,8.49,39.24,13.22,15.69,4.76,110.91,136.98,13.65,45.49,47.49,23.52,43.62,15.2,5.53,0.88,10.61,40.14,7.73,10.1,26.18,2.06,47.88,8.9,6.07,5.07
70.54,243.44,126.02,16.16,63.62,32.7,19.33,23.63,19.11,5.44,3.57,41.25,44.39,14.88,34.85,25.61,21.69,43.02,16.32,10.74,10.95,243.44,126.02,16.16,63.62,32.7,19.33,23.63,19.11,5.44,3.57,38.16,44.67,7.73,33.03,20.55,19.42,40.09,5.32,7.62,11.74
59.81,229.7,121.76,37.01,38.76,34.38,43.48,31.27,37.52,39.36,56.6,52.1,72.85,48.79,34.47,44.56,86.37,35.75,48.75,62.43,167.26,229.7,121.76,37.01,38.76,34.38,43.48,31.27,37.52,39.36,56.6,51.88,72.31,51.34,26.4,47.94,85.89,44.52,48.14,64.71,112.27
71.31,232.02,122.17,50.71,68.97,97.35,30.9,26.61,94.37,29.98,5.36,77.95,73.89,56.93,73,119.7,69.54,23.25,103.43,30.21,15.52,232.02,122.17,50.71,68.97,97.35,30.9,26.61,94.37,29.98,5.36,79.17,73.99,59.33,72.93,114.3,70.36,27.71,97.24,21.77,36.68
149.76,107.34,138.55,90.27,58.62,59.66,102.95,82.61,70.11,65.81,10.56,71.03,102.57,94.01,102.76,84.99,248.3,111.81,66.07,81.16,40.54,107.34,138.55,90.27,58.62,59.66,102.95,82.61,70.11,65.81,10.56,72.05,99.38,104.76,112.04,91.84,215.94,107.5,77.13,76.49,67.6
126.73,235.69,229.05,95.77,151.59,43.71,30.14,240.12,170.91,68.4,15.9,161.31,208.57,120.06,254.12,73.56,108.92,299.43,207.97,101.6,41.08,235.69,229.05,95.77,151.59,43.71,30.14,240.12,170.91,68.4,15.9,160.71,198.89,120.06,228.6,84.15,126.25,261.01,201.04,83.22,71.01
163.08,151.3,80.54,68.85,86.48,37.28,66.4,137.25,165.29,71.76,64.35,97.58,67.78,95.05,123.56,67.92,161.58,202.91,227.81,96.74,102.06,151.3,80.54,68.85,86.48,37.28,66.4,137.25,165.29,71.76,64.35,95.2,78.81,106.66,123.04,73.12,149.72,186.51,222.09,82.41,101.9
168.47,163.95,59.8,106.51,62.75,26.9,76.41,27.44,98.33,63.05,89.54,129.11,108.53,168.8,123.75,52.72,170.99,55.62,145.41,93.22,138.79,163.95,59.8,106.51,62.75,26.9,76.41,27.44,98.33,63.05,89.54,129.03,124.75,167.13,126.61,68.04,169.6,69.85,148.07,81.71,139.68
74.18,74.99,49.77,48.2,57.71,29.97,187.08,14.42,49.32,19.85,25.72,40.1,59.52,48.79,78.12,47.78,121.68,29.2,52.38,25.62,31.1,74.99,49.77,48.2,57.71,29.97,187.08,14.42,49.32,19.85,25.72,39.34,58.97,48.23,82.26,48.77,112.82,29.38,54.1,23.24,30.27
22.29,167.9,53.13,15.26,23.56,17.49,164.28,13.74,5.36,13.21,3.18,31,19.5,12.9,16,21.37,36.5,20.68,7.85,17.32,8.51,167.9,53.13,15.26,23.56,17.49,164.28,13.74,5.36,13.21,3.18,30.87,16.44,8.73,9.59,16.29,39.11,18.17,7.13,11.74,7.57
4.47,37.37,34.38,22.14,14.2,24.41,40.23,15.27,2.32,1.73,0.46,5.93,13.9,17.24,8.59,24.12,6.05,16.94,2.53,4.85,5.66,37.37,34.38,22.14,14.2,24.41,40.23,15.27,2.32,1.73,0.46,2.06,5.66,15.66,4.18,32.26,2.19,30.43,2.02,5.93,9.38
9.72,183.66,31.62,4.87,42.92,16.95,18.72,22.5,2.06,8.36,5.42,15.94,8.66,2.95,21.68,10.89,2.65,13.37,1.87,16.81,25.16,183.66,31.62,4.87,42.92,16.95,18.72,22.5,2.06,8.36,5.42,13.83,8.14,1.53,31.63,11.48,0.5,13.21,0.29,16.25,13.11
35.11,118.13,128.57,5.07,2.18,83.53,18.64,22.39,16.83,1.53,5.38,18,35.89,4.17,1.25,55.63,6.71,20.13,14.61,4.36,29.09,118.13,128.57,5.07,2.18,83.53,18.64,22.39,16.83,1.53,5.38,6.11,25.53,1.94,0.07,48.59,1.63,10.53,10.18,1.88,30.82
33.46,260.21,158.13,42.01,46.39,48.94,18.75,23.51,68.31,8.52,25.13,44.12,55.66,38.7,25.37,38.39,21.03,42.78,58.26,16.82,77.15,260.21,158.13,42.01,46.39,48.94,18.75,23.51,68.31,8.52,25.13,50.83,68.39,31.52,12.59,37.21,17.76,38.97,56.74,9.59,75.1
33.87,241.21,129.48,30.17,57.94,23.28,38.72,69.67,37.92,12.02,12.07,54.71,77.48,39.79,51.52,30.19,76.91,79.67,49.25,19.08,35.65,241.21,129.48,30.17,57.94,23.28,38.72,69.67,37.92,12.02,12.07,50.04,77.05,43.41,53.29,33.63,76.92,75.97,50.44,17.06,48.56
35.32,219.93,57.14,86.82,38.48,63.59,29.07,64.2,137.96,55.16,36.74,73.88,34.55,97.43,40.74,78.2,65.45,56.18,151.21,55.64,106.34,219.93,57.14,86.82,38.48,63.59,29.07,64.2,137.96,55.16,36.74,76.88,32.89,92.4,40.4,76.41,66.51,58.75,131.12,49.02,77.12
143.45,121.28,145.59,73.22,81.91,123.07,75.94,82.26,88.77,67.11,23.45,80.26,107.78,76.22,143.58,175.31,183.15,111.32,83.71,82.78,90.02,121.28,145.59,73.22,81.91,123.07,75.94,82.26,88.77,67.11,23.45,81.21,111.12,86.79,131.28,140.04,149.53,102.56,91.79,75.52,109.85
69.81,216.69,98.55,253.62,60.38,47.28,35.18,71.97,118.09,94.71,30.75,148.3,89.75,317.93,101.23,79.55,127.12,89.72,143.71,140.72,79.4,216.69,98.55,253.62,60.38,47.28,35.18,71.97,118.09,94.71,30.75,148.18,98.62,287.62,106.67,93.52,136.23,108.42,147.03,138.78,101.65
140.13,152.15,102.11,115.21,62.26,44.6,70.67,102.92,156.94,67.62,95.62,63.59,85.95,159.07,88.97,81.27,171.98,152.16,216.28,91.19,151.62,152.15,102.11,115.21,62.26,44.6,70.67,102.92,156.94,67.62,95.62,65.53,92.27,156.52,94.78,91.5,161.8,149.98,212.6,73.4,151.22
114.47,173.24,48.24,47.13,55.05,25.14,87.31,109.51,152.59,72.85,94.07,136.43,87.55,74.71,108.56,49.22,195.39,221.99,225.64,107.77,145.82,173.24,48.24,47.13,55.05,25.14,87.31,109.51,152.59,72.85,94.07,136.61,102.02,85.06,109.59,68.69,176.51,204.87,212.2,88.31,149.43
38.42,65.95,45.57,53.75,34.76,24.89,157.28,33.49,60.63,24.41,35.06,35.23,54.5,54.42,46.99,39.68,102.3,67.85,64.41,31.52,42.41,65.95,45.57,53.75,34.76,24.89,157.28,33.49,60.63,24.41,35.06,33.66,54.61,54.38,44.79,41.01,97.73,67.79,61.42,29.3,41.41
9.78,79.57,44.77,19.05,46.29,14.37,108.14,3.61,22.49,13.09,1.42,14.68,16.41,16.15,31.48,17.56,24,5.44,32.84,17.18,3.8,79.57,44.77,19.05,46.29,14.37,108.14,3.61,22.49,13.09,1.42,10.03,20.11,12.13,46.43,15.01,20.84,3.31,32.02,18.91,2.84
24.84,95.69,37.37,19.11,21.99,12.38,35.33,10.49,10.02,3.76,0,15.1,15.12,14.88,13.26,12.24,5.33,11.64,10.92,10.52,0,95.69,37.37,19.11,21.99,12.38,35.33,10.49,10.02,3.76,0,14.35,24.28,13.55,20.64,11.5,1.46,8.55,9.26,14.34,0
13.31,89.34,53.93,18.59,3.31,51.73,22.14,27.72,14.69,3.29,0.18,7.77,14.75,11.3,1.69,33.23,3.13,16.45,13.27,6.61,0.83,89.34,53.93,18.59,3.31,51.73,22.14,27.72,14.69,3.29,0.18,5.56,24.23,11.77,0.56,37.42,0.88,15.28,14.37,5.4,4.54
25.29,174.33,108.53,13.47,55.97,80.89,18.92,41.27,43.54,11.4,1.39,26.58,30.32,11.06,31.84,53.88,6.82,37.08,37.84,32.4,7.52,174.33,108.53,13.47,55.97,80.89,18.92,41.27,43.54,11.4,1.39,22.11,69.57,7.6,32.52,68.79,1.87,47.92,34.7,31.56,8.26
68.9,189.9,139.61,51.89,70.29,46.82,21.15,13.87,21.4,23.41,9.52,32.21,49.16,47.8,38.47,36.66,23.71,25.24,18.27,46.22,29.23,189.9,139.61,51.89,70.29,46.82,21.15,13.87,21.4,23.41,9.52,26.02,49.42,85.53,24.39,36.39,22.66,20.28,13.96,44.78,29.56
36.69,258.94,90.51,49.8,73.69,48.01,30.59,47.6,35.22,34.14,20.57,58.72,54.17,65.67,65.52,62.24,60.77,54.46,45.75,54.14,60.79,258.94,90.51,49.8,73.69,48.01,30.59,47.6,35.22,34.14,20.57,58.27,54.31,64.94,67.37,63.97,60.92,58.52,46.5,52.16,61.67
48.14,163.32,119.84,54.95,58.87,41.16,30.48,76.24,86.54,73.21,40.84,54.85,72.46,61.66,62.34,50.58,68.61,66.67,94.86,73.86,118.23,163.32,119.84,54.95,58.87,41.16,30.48,76.24,86.54,73.21,40.84,51.29,72.91,63.06,62.63,53.44,68.49,68,88.63,71.19,117.84
171.58,169.73,179.81,93.65,47.22,46.12,58.01,90.63,106.53,114.44,0.51,112.3,133.13,97.5,82.77,65.68,139.94,122.67,100.44,141.17,1.96,169.73,179.81,93.65,47.22,46.12,58.01,90.63,106.53,114.44,0.51,112.58,135.04,102.84,94.41,80.25,130.82,113.21,103.62,140.19,25.35
