pisco,CCCma-CanESM2_lsraw,CSIRO-QCCCE-Mk3_lsraw,ICHEC-EC-EARTH_lsraw,IPSL-CM5A-MR_lsraw,MIROC-MIROC5_lsraw,MOHC-HadGEM2-ES_lsraw,NCC-NorESM1-M_lsraw,NOAA-GFDL-ESM2M_lsraw,CCCma-CanESM2-SAM20_lsraw,MIROC-MIROC5-SAM20_lsraw,CCCma-CanESM2_ls,CSIRO-QCCCE-Mk3_ls,ICHEC-EC-EARTH_ls,IPSL-CM5A-MR_ls,MIROC-MIROC5_ls,MOHC-HadGEM2-ES_ls,NCC-NorESM1-M_ls,NOAA-GFDL-ESM2M_ls,CCCma-CanESM2-SAM20_ls,MIROC-MIROC5-SAM20_ls,CCCma-CanESM2_ptraw,CSIRO-QCCCE-Mk3_ptraw,ICHEC-EC-EARTH_ptraw,IPSL-CM5A-MR_ptraw,MIROC-MIROC5_ptraw,MOHC-HadGEM2-ES_ptraw,NCC-NorESM1-M_ptraw,NOAA-GFDL-ESM2M_ptraw,CCCma-CanESM2-SAM20_ptraw,MIROC-MIROC5-SAM20_ptraw,CCCma-CanESM2_pt,CSIRO-QCCCE-Mk3_pt,ICHEC-EC-EARTH_pt,IPSL-CM5A-MR_pt,MIROC-MIROC5_pt,MOHC-HadGEM2-ES_pt,NCC-NorESM1-M_pt,NOAA-GFDL-ESM2M_pt,CCCma-CanESM2-SAM20_pt,MIROC-MIROC5-SAM20_pt,CSIRO-QCCCE-Mk3_dmraw,ICHEC-EC-EARTH_dmraw,IPSL-CM5A-MR_dmraw,MIROC-MIROC5_dmraw,MOHC-HadGEM2-ES_dmraw,NCC-NorESM1-M_dmraw,NOAA-GFDL-ESM2M_dmraw,CSIRO-QCCCE-Mk3_dm,ICHEC-EC-EARTH_dm,IPSL-CM5A-MR_dm,MIROC-MIROC5_dm,MOHC-HadGEM2-ES_dm,NCC-NorESM1-M_dm,NOAA-GFDL-ESM2M_dm
293.78,421.97,171.32,131.35,67.81,69.96,16.87,131.22,138.91,253.3,144.81,425.34,229.76,242.56,167.44,173.41,89.81,241.05,249,285.01,284.57,421.97,171.32,131.35,67.81,69.96,16.87,131.22,138.91,253.3,144.81,425.13,238.07,241.89,166.64,184.06,114.12,240.99,253.59,326.35,278.33,171.32,131.35,67.81,69.96,16.87,131.22,138.91,229.83,238.08,161.62,175.58,70.87,236.85,250.15
184.32,321.42,306.88,102.52,111.23,70.3,33.02,54.05,109.34,257.64,213.46,220.98,275.33,150.84,169.39,136.5,85.64,85.14,160.59,177.08,193.16,321.42,306.88,102.52,111.23,70.3,33.02,54.05,109.34,257.64,213.46,213.9,227.64,141.53,162.76,138.18,117.26,103.41,161.21,204.59,192.81,306.88,102.52,111.23,70.3,33.02,54.05,109.34,241.36,145.46,165.67,136.14,81.35,92.97,158.83
296.9,198.14,38.02,100.74,50.85,99.07,18.83,32.09,101.48,339.89,269,279.58,123.64,286.08,179.71,347.65,75.55,116.55,268.91,400.07,398.85,198.14,38.02,100.74,50.85,99.07,18.83,32.09,101.48,339.89,269,273.46,140.58,285.96,167.47,339.84,93.24,124.56,267.74,572.15,444.42,38.02,100.74,50.85,99.07,18.83,32.09,101.48,110.12,293.14,160.96,344.78,55,110.19,270.33
31.9,81.73,49.14,52.83,27.06,63.48,83.57,25.79,117.57,97.36,124.74,39.47,53.08,48.35,33.1,91.43,48.98,47.22,112.86,43.75,72.76,81.73,49.14,52.83,27.06,63.48,83.57,25.79,117.57,97.36,124.74,38.6,55.74,47.37,27.37,93.81,48.63,45.84,115.37,43.4,73.09,49.14,52.83,27.06,63.48,83.57,25.79,117.57,55.8,47.85,27.01,97.91,47.7,44.96,116.52
11.17,173.52,81.49,39.35,18.02,34.78,36.88,7.7,14.54,68.71,13.88,27.71,25.87,28.83,10.59,36.74,7.14,10.04,18.39,28.53,13.97,173.52,81.49,39.35,18.02,34.78,36.88,7.7,14.54,68.71,13.88,28.15,41.69,49.07,7.34,53.39,3.62,6.06,17.25,23,11.13,81.49,39.35,18.02,34.78,36.88,7.7,14.54,32.03,37.02,9.25,41.67,5.21,7.05,9.79
1.67,94.24,55.16,16.88,19.72,27.38,27.7,1.19,19.46,8.02,1.1,20.54,30.82,18.16,16.44,37.33,5.75,1.8,29.24,10.46,6.01,94.24,55.16,16.88,19.72,27.38,27.7,1.19,19.46,8.02,1.1,12.15,23.61,12.34,13.91,47.77,1.73,0.19,26.4,7.73,4.79,55.16,16.88,19.72,27.38,27.7,1.19,19.46,31.76,16.88,16.07,42.35,2.55,0.11,28.83
0.58,194.11,15.91,8.1,8.26,16.19,141.21,14.79,14.25,27.61,7.4,9.46,2.43,2.74,2.35,5.84,11.19,4.95,7.25,11.47,7.87,194.11,15.91,8.1,8.26,16.19,141.21,14.79,14.25,27.61,7.4,8.53,0.35,0.67,1,3.51,13.15,2.45,3.54,9.71,6.49,15.91,8.1,8.26,16.19,141.21,14.79,14.25,1.04,1.42,1.86,5.13,14.8,4.7,6.74
19.55,266.89,90.73,17.97,44.01,28.61,153.76,17.21,9.58,27.31,20.83,18.21,11.37,6.64,11.19,8.52,25.28,6.95,3.74,16.29,25.54,266.89,90.73,17.97,44.01,28.61,153.76,17.21,9.58,27.31,20.83,23.69,7.13,5.99,7.1,6.4,27.41,5.36,1.83,19.41,25.17,90.73,17.97,44.01,28.61,153.76,17.21,9.58,6.87,6.08,9.79,7.76,30.64,6.53,1.81
43,155.77,81.36,34.1,121.29,46.29,156.7,39.19,74.64,47.09,7.57,24.64,26.74,29.31,61.95,33.85,167.92,66.5,59.43,43.28,12.61,155.77,81.36,34.1,121.29,46.29,156.7,39.19,74.64,47.09,7.57,23.77,18.47,23.69,69.67,31.32,177.86,70.67,70.02,41.18,13.66,81.36,34.1,121.29,46.29,156.7,39.19,74.64,20.54,25.73,64.51,31.61,192.36,83.08,70.52
52.31,428.44,75.89,24.64,60.67,42.27,74.23,24.18,71.86,80.15,34.44,70.21,32.81,23.45,38.99,39.55,105.1,19.98,67.43,48.21,43.65,428.44,75.89,24.64,60.67,42.27,74.23,24.18,71.86,80.15,34.44,86.81,32.79,25.43,38.81,40.6,108.76,26.33,67.39,44.27,43.88,75.89,24.64,60.67,42.27,74.23,24.18,71.86,32.73,20.85,40.35,38.79,98.21,19.49,76.9
45.22,117.17,102.02,36.89,43.91,51.48,18.54,112.48,65.95,77.71,31.92,25.31,39.64,26.6,29.87,40.68,26.53,63.24,46.47,29.04,35.96,117.17,102.02,36.89,43.91,51.48,18.54,112.48,65.95,77.71,31.92,19.98,39.57,28.16,29.28,41.03,26.8,60.09,46.95,21.89,32.14,102.02,36.89,43.91,51.48,18.54,112.48,65.95,40.36,23.78,24.98,40.63,17.02,63.64,45.16
148.81,163.13,185.7,93.64,86.51,53.89,30.45,62.47,90.2,134.28,15.58,104.28,133.35,94.16,147.09,74.46,70.93,82.01,82.48,88.32,33.72,163.13,185.7,93.64,86.51,53.89,30.45,62.47,90.2,134.28,15.58,103.61,126.01,101.02,128.85,87.86,72.84,89.93,82.65,88.1,96.75,185.7,93.64,86.51,53.89,30.45,62.47,90.2,132.33,95.85,139.38,78.13,57.17,83.97,79.89
211.77,176.17,111.29,89.92,57.62,111.81,13.21,55.85,66.82,144.51,146,177.59,149.24,166.03,142.3,277.1,70.33,102.62,119.79,162.61,286.85,176.17,111.29,89.92,57.62,111.81,13.21,55.85,66.82,144.51,146,177.66,162.41,184.95,151.16,267.97,96.14,126.7,128.01,139.34,304.76,111.29,89.92,57.62,111.81,13.21,55.85,66.82,146.74,173.8,139.89,270.58,49.95,114.82,123.41
207.6,132.5,312.73,119.89,104.45,85.77,51.51,89.65,108.34,151.07,177.98,91.1,280.54,176.43,159.05,166.51,133.57,141.26,159.15,103.83,161.1,132.5,312.73,119.89,104.45,85.77,51.51,89.65,108.34,151.07,177.98,93.81,244.1,178.94,149.09,170.68,146.6,148.51,162.4,88.6,162.15,312.73,119.89,104.45,85.77,51.51,89.65,108.34,252.66,175.2,154.71,166.42,121.98,143.05,158.17
393.57,127.28,61.58,91.27,63.16,44.97,44.87,107.27,97.55,188.78,131.06,179.62,200.24,259.13,223.13,157.85,180.06,389.66,258.49,222.21,194.31,127.28,61.58,91.27,63.16,44.97,44.87,107.27,97.55,188.78,131.06,173.29,210.92,259.24,216.26,169.06,200.65,367.98,252.73,160.88,173.71,61.58,91.27,63.16,44.97,44.87,107.27,97.55,191.79,259.91,215.69,160.34,164.4,398.44,251.77
39.37,108.6,17.25,53.49,40.29,50.42,35.43,28.51,37.46,26.79,30.08,52.43,18.64,48.92,49.25,72.65,20.74,52.17,35.94,12.04,17.56,108.6,17.25,53.49,40.29,50.42,35.43,28.51,37.46,26.79,30.08,56.59,16.87,46.48,54.1,75.17,20.42,52.23,35.56,6.61,15.63,17.25,53.49,40.29,50.42,35.43,28.51,37.46,14.85,47.31,53.64,78.51,17.02,53.5,34.48
4.31,94.51,34.6,7.9,50.24,24.68,33.13,8.54,4.48,21.92,13.47,15.11,10.99,5.76,29.54,26.07,6.4,11.12,5.66,9.08,13.55,94.51,34.6,7.9,50.24,24.68,33.13,8.54,4.48,21.92,13.47,11.29,4.52,2.97,25.58,29.98,2.21,8.94,4.33,4.43,8.63,34.6,7.9,50.24,24.68,33.13,8.54,4.48,7.7,3.36,31.83,28.61,3.47,10.13,1.15
6.1,62.95,58.92,20.02,17.45,7.64,57.12,10.06,13.68,17.16,0.4,13.74,32.9,21.51,14.56,10.4,11.86,15.44,20.6,22.4,2.19,62.95,58.92,20.02,17.45,7.64,57.12,10.06,13.68,17.16,0.4,10.93,57.48,18.64,7.85,4.25,8.55,8.74,16.77,23.32,1.56,58.92,20.02,17.45,7.64,57.12,10.06,13.68,43.7,22.83,10.38,7.15,11.22,10.26,16.68
1.68,120.59,52.21,25.7,26.33,12.67,172.2,13.99,18.36,7.79,19.95,5.86,8.02,8.76,7.44,4.56,13.61,4.68,9.31,3.25,21.26,120.59,52.21,25.7,26.33,12.67,172.2,13.99,18.36,7.79,19.95,6.57,5.91,6.15,7.59,2.69,24.26,1,9.78,2.26,22.26,52.21,25.7,26.33,12.67,172.2,13.99,18.36,7.97,8.91,8.47,3.94,21.25,2.59,8.87
4.8,173.68,65.47,68.81,35.29,46.55,187.6,30.38,50.44,20.81,8.12,11.85,8.21,25.34,8.98,13.89,30.83,12.26,19.66,12.41,9.96,173.68,65.47,68.81,35.29,46.55,187.6,30.38,50.44,20.81,8.12,16.55,5.91,24.98,5.74,17.66,37.12,8.58,18.67,11.52,10.28,65.47,68.81,35.29,46.55,187.6,30.38,50.44,6.14,25.99,7.95,15.32,42,10.52,20.63
28.57,295.94,76.07,58.13,19.7,53.44,92.3,43.54,69.69,60.54,29.56,46.84,24.99,49.94,10.07,39.06,98.94,73.88,55.47,55.64,49.24,295.94,76.07,58.13,19.7,53.44,92.3,43.54,69.69,60.54,29.56,47.12,15.95,57.48,7.34,35.26,101.9,89.07,63.05,56.43,50.75,76.07,58.13,19.7,53.44,92.3,43.54,69.69,18.25,55.9,6.75,35.34,99.26,109.7,62.12
31.44,199.83,93.37,52.13,71.86,37.46,75.16,50.63,36.13,81.59,43.03,32.74,40.37,49.62,46.17,35.05,106.43,41.81,33.87,49.03,54.53,199.83,93.37,52.13,71.86,37.46,75.16,50.63,36.13,81.59,43.03,29.74,40.16,49,46.91,35.66,108.89,43.52,33.98,50.56,56.09,93.37,52.13,71.86,37.46,75.16,50.63,36.13,39.81,51.59,48.74,34.59,97.73,41.52,32.25
34.25,252.35,70.97,28.27,40.68,95.7,17.84,72.38,89.11,112.15,3.81,54.5,27.59,20.4,27.66,75.64,25.54,40.71,62.79,41.92,4.3,252.35,70.97,28.27,40.68,95.7,17.84,72.38,89.11,112.15,3.81,57.11,26.46,21.52,27.13,72.45,25.87,39.45,57.63,33.6,10.23,70.97,28.27,40.68,95.7,17.84,72.38,89.11,24.92,18.3,23.09,82.37,15.2,40.27,65.07
59.85,238.5,182.42,108.31,84.26,60.38,27.27,61.74,94.41,160.25,15.36,152.46,130.98,108.94,143.27,83.44,63.55,81.06,86.37,105.37,33.26,238.5,182.42,108.31,84.26,60.38,27.27,61.74,94.41,160.25,15.36,149.66,123.3,111.01,121.36,96.46,81.68,92.18,92.38,101.56,45.25,182.42,108.31,84.26,60.38,27.27,61.74,94.41,129.74,108.73,135.01,86.87,48.38,84.03,85.76
239.41,168.23,77.39,144.75,35.55,61.91,42.63,184.67,119.83,251.73,106.07,169.6,103.82,267.3,87.8,153.46,226.9,339.17,214.81,283.23,208.42,168.23,77.39,144.75,35.55,61.91,42.63,184.67,119.83,251.73,106.07,169.65,122.32,254.4,98.32,163.42,234.12,301.83,213.95,304.32,207.38,77.39,144.75,35.55,61.91,42.63,184.67,119.83,103.41,257.96,83.8,154.27,187.11,314,213.03
99.01,132.13,85.98,73.06,52.08,109.81,91.58,125.47,93.21,245.95,96.68,90.85,77.14,107.52,79.31,213.19,237.54,197.67,136.89,169.03,87.5,132.13,85.98,73.06,52.08,109.81,91.58,125.47,93.21,245.95,96.68,94.65,96.94,125.02,94.21,196.53,208.49,188.19,133.31,169.3,89.31,85.98,73.06,52.08,109.81,91.58,125.47,93.21,85.72,114.44,82.03,204.25,198.4,191.61,133.65
119.14,128.66,80.31,89.8,42.48,48.73,73.07,43.74,111.67,241.95,94.45,181.54,261.09,255,150.1,171.02,293.28,158.89,295.87,284.82,140.04,128.66,80.31,89.8,42.48,48.73,73.07,43.74,111.67,241.95,94.45,171.9,251.85,255.04,142.39,181.35,284.15,164.38,303.12,261.65,118.45,80.31,89.8,42.48,48.73,73.07,43.74,111.67,236.41,256.96,137.8,172.84,259.57,153.82,310.49
39.08,42.15,54.24,35.54,36.69,21.78,60.3,31.35,39.67,138.37,154.59,20.38,58.63,32.51,44.87,31.38,35.34,57.39,38.08,62.2,90.15,42.15,54.24,35.54,36.69,21.78,60.3,31.35,39.67,138.37,154.59,16.16,57.73,32.08,44.84,30.57,34.91,57.64,37.41,61.1,95.63,54.24,35.54,36.69,21.78,60.3,31.35,39.67,57.85,32.5,45.65,29.23,31.84,58.87,36.53
5.34,53.54,60.56,24.99,46.49,27.85,30.36,16.12,3.3,73.31,11.95,8.56,19.23,18.3,27.35,29.43,5.88,21,4.19,30.44,12.01,53.54,60.56,24.99,46.49,27.85,30.36,16.12,3.3,73.31,11.95,5.63,19.04,21.27,27.56,35.43,1.72,24.62,3.44,41.8,7.62,60.56,24.99,46.49,27.85,30.36,16.12,3.3,20.04,19.28,30.89,31.63,2.69,23.21,1.38
13.05,15.32,29.81,21.72,5.67,13.24,85.79,13.2,12.52,13.65,0.05,3.32,16.64,23.37,4.73,18.06,17.82,20.24,18.81,17.81,0.27,15.32,29.81,21.72,5.67,13.24,85.79,13.2,12.52,13.65,0.05,0.25,36.65,20.88,1.12,10.51,10.68,17.29,22.85,20.05,0.13,29.81,21.72,5.67,13.24,85.79,13.2,12.52,21.61,25.48,1.86,14.67,14.84,17.97,25.39
1.11,153.01,43.33,15.89,47.22,10.07,86.26,17.38,14.19,5.01,0.95,7.44,6.68,5.4,13.4,3.6,6.84,5.77,7.19,2.08,1.01,153.01,43.33,15.89,47.22,10.07,86.26,17.38,14.19,5.01,0.95,5.7,7.33,4.95,24.83,1.75,7.17,3.69,3.58,0.69,0.85,43.33,15.89,47.22,10.07,86.26,17.38,14.19,7.03,6.47,19.53,2.79,8.12,5.12,7.01
1.73,117.9,39.37,40.65,137.15,15.39,126.96,16.92,26.79,10.34,1.51,8.03,4.96,14.92,34.96,4.59,20.84,6.81,10.44,6.17,1.86,117.9,39.37,40.65,137.15,15.39,126.96,16.92,26.79,10.34,1.51,20.48,2.26,12.93,55.5,3.17,22.7,3.1,9.08,4.28,1.99,39.37,40.65,137.15,15.39,126.96,16.92,26.79,1.74,13.38,40.28,4.07,25.32,3.79,10.05
39.58,200.41,69.81,32.25,55.13,63.41,49.44,20.62,33.2,33,1.2,31.71,22.94,27.71,28.17,46.36,53,35,26.42,30.33,2.02,200.41,69.81,32.25,55.13,63.41,49.44,20.62,33.2,33,1.2,30.78,9.61,23.48,20.29,54.44,52.43,32.61,17.16,32.65,2.41,69.81,32.25,55.13,63.41,49.44,20.62,33.2,11.75,25.31,17.83,56.25,43.74,30.81,19.05
4.96,164.82,89.51,121.12,64.42,67.72,26.95,43.5,19.43,25.26,13.56,27,38.68,115.3,41.37,63.37,38.14,35.88,18.22,15.17,17.18,164.82,89.51,121.12,64.42,67.72,26.95,43.5,19.43,25.26,13.56,20.17,38.36,106.31,38.62,55.63,37.61,41.88,18.29,12.82,29.61,89.51,121.12,64.42,67.72,26.95,43.5,19.43,37.35,130.4,39.44,73.41,26.45,35.85,12.95
12.13,201.12,131.62,69.34,127.83,22.28,29.84,58.97,38.74,107,20.02,43.41,51.16,50.03,87.05,17.62,42.7,33.18,27.3,39.98,22.55,201.12,131.62,69.34,127.83,22.28,29.84,58.97,38.74,107,20.02,42.3,52.61,50.27,89.53,19.28,42.76,33.41,30.14,37.16,25.04,131.62,69.34,127.83,22.28,29.84,58.97,38.74,55.66,50.57,111.58,14.92,31.05,32.31,24.33
95.69,202.84,191.11,190.77,72.85,108.1,25.6,54.16,29.18,296.16,83,129.66,137.22,191.87,123.85,149.34,59.66,71.13,26.68,194.79,179.72,202.84,191.11,190.77,72.85,108.1,25.6,54.16,29.18,296.16,83,128.72,132.56,166,116.57,138.56,70.14,77.2,38.52,226.66,141.65,191.11,190.77,72.85,108.1,25.6,54.16,29.18,136.38,181.97,118.3,143.94,48.01,71.76,28.95
305.74,348.41,217.55,101.32,72.73,60.93,36.73,133.51,30.15,245.97,185.09,351.19,291.74,187.1,179.58,151.02,195.51,245.23,54.06,276.73,363.72,348.41,217.55,101.32,72.73,60.93,36.73,133.51,30.15,245.97,185.09,350.98,282.82,193.83,190.86,164.12,191.72,233.79,63.44,329.37,350.38,217.55,101.32,72.73,60.93,36.73,133.51,30.15,285.94,189.12,178.71,154.29,158.02,234.81,57.82
163.28,188.08,98.55,59.59,79.28,50.52,56.9,73.79,49.94,267.44,133.7,130.74,88.43,87.66,120.72,98.11,147.57,116.25,73.35,183.81,121.01,188.08,98.55,59.59,79.28,50.52,56.9,73.79,49.94,267.44,133.7,131.47,96.46,109.8,129.08,118.35,153.3,124.55,83.75,199.82,121.08,98.55,59.59,79.28,50.52,56.9,73.79,49.94,86.68,97.06,121.85,106.01,129.98,118.18,75.65
195.94,238.61,81.06,106.64,59.51,73.53,47.27,89.23,58.28,261.69,205.54,336.71,263.55,302.81,210.3,258.05,189.74,324.14,154.43,308.02,304.74,238.61,81.06,106.64,59.51,73.53,47.27,89.23,58.28,261.69,205.54,352.25,272.27,302.86,200.62,260.28,202.72,321.91,146.91,428.59,300.34,81.06,106.64,59.51,73.53,47.27,89.23,58.28,257.46,306.46,197.33,256.75,163.95,325.74,140.86
62.7,96.24,37.34,45.83,68.18,62.9,49.93,51.09,27.31,114.94,125.91,46.45,40.34,41.94,83.36,90.63,29.24,93.5,26.21,51.67,73.45,96.24,37.34,45.83,68.18,62.9,49.93,51.09,27.31,114.94,125.91,45.36,36.23,39.18,93.27,93.23,28.8,107.06,25.78,69.19,76.69,37.34,45.83,68.18,62.9,49.93,51.09,27.31,33,39.46,96.59,97.95,25.44,116.05,24.78
39.09,147.23,48.52,67.62,20.07,12.73,53.23,7.42,21.86,46.27,3.85,23.52,15.42,49.57,11.81,13.42,10.3,9.68,27.61,19.22,3.88,147.23,48.52,67.62,20.07,12.73,53.23,7.42,21.86,46.27,3.85,21.91,11.71,72.24,5.17,11.51,4.8,5.57,26.62,28.64,2.13,48.52,67.62,20.07,12.73,53.23,7.42,21.86,13.39,63.61,8.77,12.23,7.32,6.65,15.9
41.22,193.94,23.27,17.98,9.58,17.69,85.22,9.97,9.21,69.69,6.36,42.29,13,19.34,8.01,24.11,17.69,15.3,13.84,90.94,34.75,193.94,23.27,17.98,9.58,17.69,85.22,9.97,9.21,69.69,6.36,53.8,5.8,9.93,1.28,12.75,11.94,11.59,12.42,120.37,33.7,23.27,17.98,9.58,17.69,85.22,9.97,9.21,9.59,15.41,2.14,19.44,16.43,13.67,13.49
2.11,89.66,25.63,17.86,7.59,8.51,83.5,12.25,9.73,16.08,0.43,4.36,3.94,6.11,2.15,3.04,6.62,4.07,4.94,6.68,0.46,89.66,25.63,17.86,7.59,8.51,83.5,12.25,9.73,16.08,0.43,2.76,1.01,3.12,0.46,1.6,1.28,3.46,2.44,6.13,0.34,25.63,17.86,7.59,8.51,83.5,12.25,9.73,2.38,5.26,1.05,2.5,4.8,3.5,4.72
9.17,114.23,68.96,24.43,21.18,39.23,138.44,20.38,15.34,14.83,8.17,7.82,8.64,9,5.4,11.7,22.75,8.23,5.99,8.86,10.02,114.23,68.96,24.43,21.18,39.23,138.44,20.38,15.34,14.83,8.17,5.17,5.4,6.89,3.21,11.19,25.17,7.02,3.68,5.09,10.42,68.96,24.43,21.18,39.23,138.44,20.38,15.34,5.4,6.8,4.87,11.48,28.11,8.24,3.93
25.42,378.14,163.19,59.5,41.95,60.09,37.37,33.7,26.48,31.22,37.6,59.86,53.59,51.14,21.45,43.95,40.07,57.16,21.08,28.69,62.65,378.14,163.19,59.5,41.95,60.09,37.37,33.7,26.48,31.22,37.6,82.72,50.98,64.68,13.88,42.83,39.83,61,12.26,20.15,62.09,163.19,59.5,41.95,60.09,37.37,33.7,26.48,57.41,57.56,12,45.29,32.83,70.88,13.82
48.55,253.43,69.12,41.47,69.93,57.48,29.73,20.6,57.34,69.57,10.13,41.55,29.88,39.49,44.91,53.8,42.1,17.03,53.82,41.85,12.87,253.43,69.12,41.47,69.93,57.48,29.73,20.6,57.34,69.57,10.13,41.11,29.22,39.12,45.62,52.99,42.62,23.69,53.8,38.81,20.28,69.12,41.47,69.93,57.48,29.73,20.6,57.34,25.74,40.82,48.13,56.46,29.98,16.43,59.85
53.46,161.37,59.17,42.33,41.88,24.4,12.35,39.92,38.43,133.04,24.92,34.84,22.98,30.57,28.46,19.31,17.68,22.45,27.1,49.71,28.07,161.37,59.17,42.33,41.88,24.4,12.35,39.92,38.43,133.04,24.92,30.2,21.9,31.82,27.94,21.16,18.15,24.32,30.41,55.51,35.67,59.17,42.33,41.88,24.4,12.35,39.92,38.43,19.61,28.41,23.71,16.34,6.08,20.91,23.74
95.82,226.35,149.41,100.94,81.2,90.64,40.72,62.28,136.33,178.44,79.8,144.68,107.29,101.53,138.06,125.23,94.87,81.76,124.67,117.38,172.79,226.35,149.41,100.94,81.2,90.64,40.72,62.28,136.33,178.44,79.8,142.53,108.95,105.36,136.84,116.02,107.05,96.9,127.03,131.76,173.39,149.41,100.94,81.2,90.64,40.72,62.28,136.33,106.01,102.25,132.76,121.04,71.29,86.55,122.36
262.52,200.76,184.69,62.03,103.2,95.58,54.12,54.07,197.53,170.45,86.23,202.36,247.7,114.55,254.81,236.88,288.06,99.29,354.06,191.79,169.44,200.76,184.69,62.03,103.2,95.58,54.12,54.07,197.53,170.45,86.23,202.43,247.75,125.84,253.65,236.97,278.52,129.64,343.36,174.97,176.24,184.69,62.03,103.2,95.58,54.12,54.07,197.53,245.48,119.52,249.09,234.34,252.29,116.56,346.89
116.22,253.51,178.04,164.38,104.66,59.48,34.88,139.67,131.66,254.87,87.43,174.29,159.75,241.92,159.38,115.46,90.47,220.08,193.37,175.18,79.13,253.51,178.04,164.38,104.66,59.48,34.88,139.67,131.66,254.87,87.43,173.35,154.28,195.47,162.19,120.25,125.54,192.44,191.11,184.02,81.6,178.04,164.38,104.66,59.48,34.88,139.67,131.66,153.1,220.34,159.11,117.08,83.63,206.79,190.08
248.81,143.63,110.11,62.41,63.56,58.37,69.83,78.7,59.44,139.64,248.9,202.67,358.01,177.21,224.61,204.86,280.23,285.85,157.5,164.37,369.03,143.63,110.11,62.41,63.56,58.37,69.83,78.7,59.44,139.64,248.9,195.87,329.92,177.58,222.25,216.37,274.37,284.86,148.89,112.65,386.22,110.11,62.41,63.56,58.37,69.83,78.7,59.44,340.9,162.4,221.32,207.1,248.53,286.04,142.15
96.17,108.31,50.16,49.13,48.05,15.24,62.62,27.9,54.08,165.21,141.74,52.3,54.2,44.94,58.78,21.95,36.73,51.07,51.91,74.23,82.64,108.31,50.16,49.13,48.05,15.24,62.62,27.9,54.08,165.21,141.74,56.4,54.98,44.69,62.74,20.46,36.51,51.19,51.8,70.37,94.09,50.16,49.13,48.05,15.24,62.62,27.9,54.08,54.34,44.86,63.48,17.75,34.02,51.81,51.18
20.01,76.65,38.65,48.39,37.29,15.76,72.75,8.77,8.9,89.19,6.84,12.25,12.27,35.5,21.92,16.64,14.06,11.41,11.25,37.04,6.87,76.65,38.65,48.39,37.29,15.76,72.75,8.77,8.9,89.19,6.84,7.33,9.54,42.3,30.03,11.2,12.33,7.94,10.32,51.23,3.93,38.65,48.39,37.29,15.76,72.75,8.77,8.9,12.09,41.65,25.66,14.83,13.58,9.39,5.56
10.55,63.78,36.2,46.14,23.46,27.27,148.14,24.23,7.46,6.91,3.26,13.93,20.22,49.65,19.56,37.19,30.8,37.18,11.26,9.02,17.82,63.78,36.2,46.14,23.46,27.27,148.14,24.23,7.46,6.91,3.26,13.8,5.44,95.03,11.75,36.49,28.37,54.52,7.2,6.94,15.56,36.2,46.14,23.46,27.27,148.14,24.23,7.46,15.04,67.9,15.32,38.55,37.32,47.26,5.38
3.56,165.53,26.67,7.4,37.72,8.79,143.59,18.65,5.85,10.73,6.1,8.07,4.1,2.52,10.67,3.14,11.37,6.21,2.97,4.46,6.51,165.53,26.67,7.4,37.72,8.79,143.59,18.65,5.85,10.73,6.1,5.71,1.51,3.53,5.19,1.7,15.87,2.5,1.62,1.98,5.65,26.67,7.4,37.72,8.79,143.59,18.65,5.85,2.75,3.27,9.87,2.58,15.19,4.64,2.98
7.42,353.85,78.33,16.81,46.79,2.95,105.35,25.48,26.68,20.94,0.44,24.16,9.82,6.19,11.93,0.87,17.33,10.29,10.4,12.49,0.53,353.85,78.33,16.81,46.79,2.95,105.35,25.48,26.68,20.94,0.44,35.49,7.75,4.95,9,0.2,16.87,7.54,8.49,7.41,0.63,78.33,16.81,46.79,2.95,105.35,25.48,26.68,8.67,4.92,11.26,0.41,19.1,8.99,9.1
36.11,302.98,89.07,37.37,83.34,44.21,69.55,13.45,46.6,45.52,21.86,47.97,29.29,32.13,42.56,32.3,74.53,22.86,37.07,41.85,36.42,302.98,89.07,37.37,83.34,44.21,69.55,13.45,46.6,45.52,21.86,50.27,25.44,30.6,46.57,28.23,75.45,20.76,29.37,42.07,36.63,89.07,37.37,83.34,44.21,69.55,13.45,46.6,26.92,32.59,41.41,27.91,71.81,18.23,33.67
11.64,192.53,69.2,54.95,97.81,26.8,32.88,29.65,32.13,86.5,4.57,31.56,29.91,52.3,62.81,25.08,46.54,24.47,30.13,52.02,5.81,192.53,69.2,54.95,97.81,26.8,32.88,29.65,32.13,86.5,4.57,28.59,29.83,52.16,78.03,27.36,46.15,28.57,30.19,51,12,69.2,54.95,97.81,26.8,32.88,29.65,32.13,29.23,53.95,84.04,21.58,33.44,23.71,28.04
26.22,111.59,107.72,36.14,66.99,66.14,11.47,61.18,30.61,168.85,4.99,24.08,41.86,26.09,45.6,52.3,16.41,34.42,21.56,63.12,5.61,111.59,107.72,36.14,66.99,66.14,11.47,61.18,30.61,168.85,4.99,18.45,41.81,27.37,45.58,52.36,16.7,36.63,24.9,70.43,10.88,107.72,36.14,66.99,66.14,11.47,61.18,30.61,42.6,23.75,46.86,53.27,9.42,32.83,18.27
106.56,253.04,109.1,101.94,38.42,63.55,10.6,75.68,241.17,218.98,1.56,161.75,78.35,102.5,65.32,87.83,24.71,99.36,220.54,144.01,3.37,253.04,109.1,101.94,38.42,63.55,10.6,75.68,241.17,218.98,1.56,159.2,87.77,99.65,75.16,91.8,36.64,95.45,181.82,157.39,42.45,109.1,101.94,38.42,63.55,10.6,75.68,241.17,77.54,100.33,60.69,88.06,14.46,96.99,205.11
265.67,179.38,245.4,106.4,53.95,124.35,26.32,120.01,107.19,218.89,164.77,180.82,329.11,196.46,133.2,308.19,140.11,220.43,192.12,246.29,323.78,179.38,245.4,106.4,53.95,124.35,26.32,120.01,107.19,218.89,164.77,180.8,296.49,210.98,148.09,297.85,177,220.03,195.08,250.36,301.58,245.4,106.4,53.95,124.35,26.32,120.01,107.19,318.01,201.28,133.9,300.48,115.39,216.28,193.06
151.13,229.28,212.95,69.52,94.12,95.44,48.95,47.26,143.18,254.36,203.78,157.65,191.01,102.32,143.32,185.3,126.94,74.46,210.33,174.81,184.44,229.28,212.95,69.52,94.12,95.44,48.95,47.26,143.18,254.36,203.78,157.12,185.71,112.1,144.71,172.77,149.69,93.63,196.14,190.04,184.75,212.95,69.52,94.12,95.44,48.95,47.26,143.18,184.33,105.78,142.82,178.08,116.75,82.91,203.19
408.58,136.58,223.23,88.04,77.56,62.2,139.02,55.27,103.29,202.16,119.72,192.7,725.77,249.97,274.05,218.31,557.95,200.76,273.7,237.94,177.5,136.58,223.23,88.04,77.56,62.2,139.02,55.27,103.29,202.16,119.72,176.92,645.87,250.12,277.68,223.64,510.39,206.74,276.8,188.7,144.75,223.23,88.04,77.56,62.2,139.02,55.27,103.29,700.54,248.91,281.53,218.92,510.69,196.82,280.22
48.1,63.25,42.39,82.33,44.13,32.31,48.3,33.81,44.29,48.89,103.57,30.56,45.8,75.32,53.98,46.55,28.29,61.87,42.53,21.96,60.39,63.25,42.39,82.33,44.13,32.31,48.3,33.81,44.29,48.89,103.57,26.88,42.41,82.23,53.64,45.56,28.17,62.35,42.57,13.4,51.99,42.39,82.33,44.13,32.31,48.3,33.81,44.29,39.34,84.45,55.35,44.72,25.36,64.03,41.97
6.58,48.05,46.24,28.6,35.06,23.63,67.03,14.59,27.48,75.88,14.14,7.65,14.68,20.94,20.62,24.96,12.94,19.02,34.72,31.51,14.24,48.05,46.24,28.6,35.06,23.63,67.03,14.59,27.48,75.88,14.14,3.97,13.74,27.07,10.41,36.58,8.36,20.6,40.58,36.13,8.99,46.24,28.6,35.06,23.63,67.03,14.59,27.48,14.25,25.07,17.32,27.12,11.6,20.26,31.45
0.63,132.07,31.97,31.44,35.49,13.85,99.45,15.63,22.92,31.9,2.4,28.82,17.88,33.83,29.6,18.9,20.67,23.98,34.42,41.61,13.11,132.07,31.97,31.44,35.49,13.85,99.45,15.63,22.92,31.9,2.4,28.85,13.33,24.42,23.24,23.53,24.29,18.03,34.22,39.92,11.3,31.97,31.44,35.49,13.85,99.45,15.63,22.92,18.12,32.94,28.4,21.12,27.99,20.23,39.62
2.06,99.31,40.79,18.82,30.01,9.41,130.6,5.01,23.4,9.83,13.26,4.82,6.28,6.44,8.51,3.38,10.33,1.69,11.88,4.09,14.13,99.31,40.79,18.82,30.01,9.41,130.6,5.01,23.4,9.83,13.26,3.46,4.45,5.54,4.77,1.22,27.22,0.13,11.89,2.36,13.35,40.79,18.82,30.01,9.41,130.6,5.01,23.4,6.51,7.13,8.13,2.17,16.5,0.45,13.72
16.84,240.04,111.39,7.9,45.7,24.53,58.2,23.02,49.47,40.24,4.65,16.39,13.96,2.92,11.64,7.32,9.6,9.32,19.28,24,5.7,240.04,111.39,7.9,45.7,24.53,58.2,23.02,49.47,40.24,4.65,21.53,12.91,1.65,10.72,4.65,8.05,7.46,23.34,26.98,6.09,111.39,7.9,45.7,24.53,58.2,23.02,49.47,14.46,1.44,11.52,6.09,9.08,8.74,23.68
31.56,228.49,142.91,23.91,110.28,42.84,57.89,29.36,49.83,72.33,18.79,36.15,46.95,20.53,56.33,31.33,62.05,49.82,39.63,66.47,31.3,228.49,142.91,23.91,110.28,42.84,57.89,29.36,49.83,72.33,18.79,28.21,56.06,14.29,54.75,31.62,62.09,54.58,33.21,75.97,33.09,142.91,23.91,110.28,42.84,57.89,29.36,49.83,53.86,16.05,52.22,32.32,55.15,64.99,36.55
13.18,280.65,124.94,24.62,54.73,43.05,11.26,74.77,103.31,83.59,64.52,45.96,54,23.44,35.17,40.27,15.96,61.74,96.97,50.27,81.81,280.65,124.94,24.62,54.73,43.05,11.26,74.77,103.31,83.59,64.52,46.09,54.42,24.9,31.13,41.12,15.03,57.34,96.82,50.16,75.21,124.94,24.62,54.73,43.05,11.26,74.77,103.31,57.48,21.56,30.27,39.88,6.71,61.45,116.24
7.98,137.57,96.01,125.33,83.81,53.15,11.37,41.87,43.6,169.02,117.24,29.71,37.33,90.38,57.06,42.01,16.29,23.54,30.7,63.17,132.07,137.57,96.01,125.33,83.81,53.15,11.37,41.87,43.6,169.02,117.24,24.15,37.26,87.35,58.6,41.07,16.58,26.05,33.25,66.42,105.27,96.01,125.33,83.81,53.15,11.37,41.87,43.6,37.76,98.36,71.08,43.77,7.84,21.91,28
66.14,261.91,189.81,52.12,75.76,27.78,29.3,79.08,101.99,235.27,52.2,167.42,136.3,52.43,128.81,38.41,68.28,103.84,93.27,154.76,113.01,261.91,189.81,52.12,75.76,27.78,29.3,79.08,101.99,235.27,52.2,164.25,130.16,60.57,115.21,55.57,80.85,106.86,97.12,162.8,136.84,189.81,52.12,75.76,27.78,29.3,79.08,101.99,135.09,54.93,121.93,42.8,56.05,102.78,92.27
208.9,219,209.63,60.28,90.85,129.32,29.47,44.5,99.35,229.94,99.24,220.79,281.1,111.3,224.34,320.5,156.85,81.75,178.08,258.75,195.01,219,209.63,60.28,90.85,129.32,29.47,44.5,99.35,229.94,99.24,220.8,274.16,134.64,226.21,310.34,194.36,114.21,182.58,318.86,184.77,209.63,60.28,90.85,129.32,29.47,44.5,99.35,276.29,122.94,219.91,312.24,135.21,100.29,180.54
119.62,273.75,112.75,117.21,68.41,67.53,79.55,105.75,62,240.14,126.68,188.25,101.16,172.46,104.18,131.16,206.32,166.6,91.05,165.03,114.67,273.75,112.75,117.21,68.41,67.53,79.55,105.75,62,240.14,126.68,185.2,120.05,170.49,117.22,136.86,189.15,153.2,97.91,168.89,114.75,112.75,117.21,68.41,67.53,79.55,105.75,62,109.96,169.59,107.15,132.46,172.33,160.14,92.54
201.9,187.06,65.01,110.58,57.31,68.29,58.81,62.87,66.93,320.43,109.28,263.95,211.37,314.04,202.49,239.66,236.04,228.36,177.34,377.17,162,187.06,65.01,110.58,57.31,68.29,58.81,62.87,66.93,320.43,109.28,262.01,222.65,313.38,198.35,236.67,254.69,230.39,172.06,567.72,146.95,65.01,110.58,57.31,68.29,58.81,62.87,66.93,192.72,338.71,196,237.32,214.7,226.86,167.95
20.41,66.44,37.41,64.42,47.65,36.68,46.82,18.33,107.03,143.76,82.82,32.07,40.42,58.96,58.26,52.84,27.43,33.55,102.72,64.6,48.33,66.44,37.41,64.42,47.65,36.68,46.82,18.33,107.03,143.76,82.82,27.78,38.17,65.62,58.2,54.47,26.98,32.34,103.95,71.85,48.45,37.41,64.42,47.65,36.68,46.82,18.33,107.03,37.01,67.22,60.09,55.86,22.38,30.83,105.02
15.65,37.97,80.03,30.52,42.27,3.78,82.45,5.87,3.32,41.5,14.62,6.08,25.4,22.39,24.86,3.98,15.93,7.64,4.19,17.23,14.69,37.97,80.03,30.52,42.27,3.78,82.45,5.87,3.32,41.5,14.62,2.51,34.78,21.58,39.25,1.11,20.49,4.37,3.48,17.76,11.22,80.03,30.52,42.27,3.78,82.45,5.87,3.32,30.07,22.31,30.9,2.42,18.7,4.93,1.41
10.15,30.55,21.75,11.77,34.52,15.19,34.88,9.62,4.66,2.22,2.06,6.65,12.15,12.67,28.77,20.72,7.27,14.79,7.02,2.9,11.25,30.55,21.75,11.77,34.52,15.19,34.88,9.62,4.66,2.22,2.06,2.22,6.91,6.87,27.4,39.25,1.24,7.22,5.24,1.83,9.84,21.75,11.77,34.52,15.19,34.88,9.62,4.66,11.64,9.76,27.59,24.06,1.56,8.98,4.88
8.98,78.19,40.34,25.93,12.51,7.84,131.98,13.65,4.65,6.14,0.39,3.79,6.19,8.84,3.55,2.83,10.47,4.54,2.36,2.55,0.42,78.19,40.34,25.93,12.51,7.84,131.98,13.65,4.65,6.14,0.39,1.73,2.78,13,0.89,1.13,14.61,1.85,0.61,0.92,0.27,40.34,25.93,12.51,7.84,131.98,13.65,4.65,5.18,12.54,2.28,1.92,14.75,3.48,1.67
1.59,99.6,48.9,48.02,29.41,21.07,105.5,34.5,62.14,9.04,39.9,6.79,6.13,17.69,7.5,6.3,17.33,13.89,24.22,5.41,48.92,99.6,48.9,48.02,29.41,21.07,105.5,34.5,62.14,9.04,39.9,3.22,2.78,18.74,5.57,3.63,20.19,19.53,30.34,3.69,46.59,48.9,48.02,29.41,21.07,105.5,34.5,62.14,2.1,18.48,6.9,5.16,21.36,18.55,30.65
15.96,216.89,124.95,62.83,73.76,49.43,38.14,9.32,49.53,65.73,6.39,34.32,41.04,54,37.68,36.12,40.89,15.81,39.42,60.43,10.63,216.89,124.95,62.83,73.76,49.43,38.14,9.32,49.53,65.73,6.39,37.31,39.79,54.31,27.78,31.53,39.35,13.63,52.08,59.98,11.54,124.95,62.83,73.76,49.43,38.14,9.32,49.53,41.42,57.29,24.96,31.23,27.36,10.18,48.55
29.31,203.12,53.1,25.73,71.82,37.94,17.54,21.06,27.08,82.93,19.75,33.26,22.9,24.52,46.11,35.48,24.82,17.4,25.4,49.87,25.03,203.12,53.1,25.73,71.82,37.94,17.54,21.06,27.08,82.93,19.75,27.54,22.54,25.57,44.04,35.91,23.88,21.95,25.47,52.05,26.53,53.1,25.73,71.82,37.94,17.54,21.06,27.08,19.48,23.32,46.09,35.33,13.59,16.52,22.01
34.05,153.32,121.23,121.15,51.65,72.52,10.54,101.32,20.34,105.81,18.87,33.09,47.11,87.43,35.17,57.35,15.07,56.97,14.32,39.58,21.27,153.32,121.23,121.15,51.65,72.52,10.54,101.32,20.34,105.81,18.87,28.9,46.22,80.92,34.33,56.43,15.47,57.24,17.93,54.34,25.97,121.23,121.15,51.65,72.52,10.54,101.32,20.34,45.84,99.69,28.88,60.11,4.99,56.02,10.9
116.76,158.83,94.12,154.25,57.54,63.59,32.32,145.31,106.12,194.61,80.63,101.56,67.6,155.15,97.87,87.89,75.29,190.76,97.05,127.99,174.58,158.83,94.12,154.25,57.54,63.59,32.32,145.31,106.12,194.61,80.63,101.08,73.38,145.59,104.16,95.87,80.46,165.72,97.28,143.69,141.81,94.12,154.25,57.54,63.59,32.32,145.31,106.12,66.15,150.63,94.03,88.86,59.77,178.62,95.15
202.01,250.65,125.03,56.78,109.07,91.05,55.88,63.28,84.25,224.01,129.09,252.66,167.68,104.84,269.31,225.63,297.44,116.23,151.03,252.04,253.67,250.65,125.03,56.78,109.07,91.05,55.88,63.28,84.25,224.01,129.09,252.62,186,117.71,261.08,216.42,284.59,147.71,161.33,258.69,245.3,125.03,56.78,109.07,91.05,55.88,63.28,84.25,170.58,110.46,263.84,220.09,236.65,133.62,156.37
132.88,247.04,135.42,119.66,98.1,91.43,76.78,121.34,94.71,244.09,138.71,171.32,121.49,176.09,149.39,177.53,199.15,191.18,139.14,167.78,125.54,247.04,135.42,119.66,98.1,91.43,76.78,121.34,94.71,244.09,138.71,171.02,135.82,176.1,147.99,165.99,189.18,181.66,141.19,168.26,127.95,135.42,119.66,98.1,91.43,76.78,121.34,94.71,129.07,173.78,146.45,171.93,168.77,185.82,137.97
210.25,182.05,91.45,73.39,41.71,75.48,112.76,54.99,90.78,264.83,128.68,256.89,297.35,208.4,147.38,264.89,452.55,199.74,240.53,311.72,190.79,182.05,91.45,73.39,41.71,75.48,112.76,54.99,90.78,264.83,128.68,264.78,302.95,208.47,137.9,267.74,424.25,204.12,243.01,368.73,143.92,91.45,73.39,41.71,75.48,112.76,54.99,90.78,289.47,208.07,131.11,264.2,412.65,196.63,244.39
11.64,104.87,64.57,55.47,44.31,43.19,42.65,22.1,54.55,86.86,65.27,50.62,69.78,50.77,54.17,62.23,24.98,40.46,52.37,39.01,38.07,104.87,64.57,55.47,44.31,43.19,42.65,22.1,54.55,86.86,65.27,49.3,78.19,48.14,52.5,65.28,24.46,39.56,52.58,42.41,44.82,64.57,55.47,44.31,43.19,42.65,22.1,54.55,77.09,48.98,54.51,67.28,20.53,39.36,52.52
33.7,200.63,100.33,30.14,27.27,15.73,82.22,10.01,45.1,78.45,4.01,32.04,31.8,22.06,16.04,16.63,15.88,13.05,56.98,32.58,4.03,200.63,100.33,30.14,27.27,15.73,82.22,10.01,45.1,78.45,4.01,37.45,43.2,22.08,9.1,10.15,12.29,9.91,66.78,58.63,3.07,100.33,30.14,27.27,15.73,82.22,10.01,45.1,39.58,23.94,12.75,14.77,16.34,11.58,50.88
11.06,69,52.51,1.98,35.92,8.85,162.43,15.03,6.2,9.37,2.65,15.05,29.31,2.12,29.93,12.07,33.73,23.06,9.32,12.24,14.49,69,52.51,1.98,35.92,8.85,162.43,15.03,6.2,9.37,2.65,12.87,23.51,0.43,25.07,9.85,36.3,21.3,6.73,9.68,12.39,52.51,1.98,35.92,8.85,162.43,15.03,6.2,31.49,0.73,29.68,10.23,46.94,22.83,5.99
0.5,71.02,46.81,12.57,17.95,1.5,54.52,20.65,12.7,20.02,2.46,3.46,7.21,4.29,5.08,0.53,4.32,6.89,6.44,8.3,2.62,71.02,46.81,12.57,17.95,1.5,54.52,20.65,12.7,20.02,2.46,1.72,6.09,1.06,2.5,0.13,0.71,8.7,4.75,4.58,2.22,46.81,12.57,17.95,1.5,54.52,20.65,12.7,8.25,2.32,4.05,0.25,2.51,8.51,6.9
0.7,163.28,127.47,13.95,31.88,21.51,65.01,32.1,21.48,30.01,6.11,11.15,15.97,5.13,8.14,6.42,10.68,12.94,8.39,17.91,7.49,163.28,127.47,13.95,31.88,21.51,65.01,32.1,21.48,30.01,6.11,8.59,16.22,4.18,5.85,4.88,7.74,12.25,7.7,23.47,7.5,127.47,13.95,31.88,21.51,65.01,32.1,21.48,19.06,4.24,7.53,5.98,8.43,14.14,8.2
28.19,215.71,51.9,49.39,43.13,52.86,62.85,15.37,38.77,50.94,68.31,34.14,17.03,42.43,22.03,38.66,67.36,26.1,30.86,46.81,113.83,215.71,51.9,49.39,43.13,52.86,62.85,15.37,38.77,50.94,68.31,27.21,5.72,43.46,14.72,34.55,70.58,23.24,21.11,44.66,110.35,51.9,49.39,43.13,52.86,62.85,15.37,38.77,6.69,45.75,12.74,34.91,67.61,19.16,23.49
50.09,226.03,120.97,18.53,52.47,29.07,26.54,66.21,43.3,46.61,19.43,37.01,52.29,17.63,33.71,27.18,37.55,54.67,40.62,28.01,24.67,226.03,120.97,18.53,52.47,29.07,26.54,66.21,43.3,46.61,19.43,33.08,52.1,19.78,31.15,29.13,37.78,47.08,40.69,24.07,32.07,120.97,18.53,52.47,29.07,26.54,66.21,43.3,52.55,14.6,31.05,24.56,29.6,53.9,40.21
14.27,246.09,74.24,60.47,72.71,66.51,6.87,208.47,51.72,137.42,130.8,53.14,28.86,43.61,49.49,52.53,9.84,117.22,36.42,51.35,147.36,246.09,74.24,60.47,72.71,66.51,6.87,208.47,51.72,137.42,130.8,54.54,28.27,43.96,50.15,52.33,10.08,104.92,38.69,47.88,104.09,74.24,60.47,72.71,66.51,6.87,208.47,51.72,27.3,43.93,56.44,54.15,4.56,120.54,33.89
127.4,125.97,119.43,193.99,56.81,149.98,25.15,57.25,139.88,176.74,147.12,80.53,85.76,195.1,96.6,207.24,58.61,75.18,127.94,116.25,318.53,125.97,119.43,193.99,56.81,149.98,25.15,57.25,139.88,176.74,147.12,82.06,88.7,161.27,104.57,177.57,70.08,83.8,127.52,118.85,170.8,119.43,193.99,56.81,149.98,25.15,57.25,139.88,84.01,183.12,93.64,195.92,49.5,77.32,124.87
256.67,200.28,144.07,78.1,74.17,55.43,42.83,90.76,135.33,184.87,200.6,201.91,193.23,144.26,183.14,137.38,227.96,166.73,242.58,208.03,394.18,200.28,144.07,78.1,74.17,55.43,42.83,90.76,135.33,184.87,200.6,201.92,206.05,161.44,195.49,151.66,237.69,180,248.71,202.49,369.83,144.07,78.1,74.17,55.43,42.83,90.76,135.33,195.27,150.84,182.69,142.35,168.68,173.5,244.35
108.87,227.04,181.94,106.6,122.47,105.08,85.92,59.27,129.2,231.92,238.08,156.08,163.21,156.88,186.47,204.02,222.84,93.38,189.8,159.4,215.46,227.04,181.94,106.6,122.47,105.08,85.92,59.27,129.2,231.92,238.08,156.34,154.81,155.37,176.44,193.03,193.88,110.6,191.04,167.32,214.26,181.94,106.6,122.47,105.08,85.92,59.27,129.2,153.71,154.15,182,197.39,182.5,99.8,187.53
262.8,262.55,77.77,110.15,96.73,51.52,35.43,40.07,72.99,260.45,260.38,370.45,252.83,312.82,341.8,180.83,142.15,145.53,193.44,306.57,386.05,262.55,77.77,110.15,96.73,51.52,35.43,40.07,72.99,260.45,260.38,392.83,260.28,312.73,345.41,196.02,163.62,154.98,186.55,372.3,413.1,77.77,110.15,96.73,51.52,35.43,40.07,72.99,242.8,319.48,354.36,184,119.24,139.39,182.67
98.76,105.4,51.1,54.1,53.16,32.37,33.22,19.23,76.85,193.69,100.23,50.9,55.21,49.52,65,46.63,19.45,35.19,73.77,87.05,58.45,105.4,51.1,54.1,53.16,32.37,33.22,19.23,76.85,193.69,100.23,51.89,52.46,50.23,71.46,46.86,19.07,34.26,74.17,100.02,56.77,51.1,54.1,53.16,32.37,33.22,19.23,76.85,52.71,51.17,72.77,47.45,14.38,32.92,74.63
12.14,50.34,35.49,20.62,11.41,8.38,83.31,23.29,13.62,53.22,0.27,8.04,11.26,15.13,6.71,8.83,16.08,30.35,17.19,22.09,0.27,50.34,35.49,20.62,11.41,8.38,83.31,23.29,13.62,53.22,0.27,3.25,4.2,9.64,3.32,3.66,12.91,41.46,15.11,11.63,0.08,35.49,20.62,11.41,8.38,83.31,23.29,13.62,7.57,11.37,4.75,6.71,16.81,35.89,7.12
39.58,72.77,13.56,13.48,19.75,14.44,100.62,10.93,18.35,25.53,1.64,15.87,7.56,14.5,16.47,19.69,20.92,16.77,27.61,33.33,8.96,72.77,13.56,13.48,19.75,14.44,100.62,10.93,18.35,25.53,1.64,11.16,0.84,9.44,7.7,13.43,17.89,12.92,21.83,30.35,7.23,13.56,13.48,19.75,14.44,100.62,10.93,18.35,3.13,12.15,11.51,18.57,22.73,13.89,21.39
2.58,43.82,88.35,23.71,20.28,12.27,79.54,3.82,3.34,12.32,3.53,2.14,13.58,8.11,5.73,4.4,6.3,1.29,1.69,5.13,3.75,43.82,88.35,23.71,20.28,12.27,79.54,3.82,3.34,12.32,3.53,0.71,21.58,6.41,2,2.5,1.81,0.41,0.35,2.69,3.09,88.35,23.71,20.28,12.27,79.54,3.82,3.34,20.24,8.46,4.36,3.69,5.18,0.96,1.25
21.99,137.5,136.2,36.25,43.26,47.07,178.89,17.3,19.05,18.84,10.73,9.4,17.04,13.32,11.01,14.04,29.42,6.95,7.42,11.23,13.16,137.5,136.2,36.25,43.26,47.07,178.89,17.3,19.05,18.84,10.73,8.84,26.07,14.99,13.66,16.43,36.75,4.95,5.69,11.72,12.63,136.2,36.25,43.26,47.07,178.89,17.3,19.05,27.62,15.11,11.64,14.81,40.07,5.54,6.2
48.77,233.25,124.93,74.78,120.93,54.04,26.7,30.62,63.99,70.1,12.69,36.95,41.02,64.26,61.78,39.51,28.63,51.98,50.93,64.45,21.14,233.25,124.93,74.78,120.93,54.04,26.7,30.62,63.99,70.1,12.69,30.09,55.82,68.07,69.94,36.17,28.33,51.64,60.14,61.21,22.16,124.93,74.78,120.93,54.04,26.7,30.62,63.99,51,70.86,65.18,36.89,22.75,56.33,59.2
58.08,312.27,107.13,70.29,59.61,19.66,16.38,18.02,38.86,59.77,11.11,51.15,46.3,66.89,38.31,18.4,23.2,14.88,36.45,35.94,14.08,312.27,107.13,70.29,59.61,19.66,16.38,18.02,38.86,59.77,11.11,52.61,46.17,62.39,31.89,20.38,22.14,20.92,36.5,35.54,15.95,107.13,70.29,59.61,19.66,16.38,18.02,38.86,46.56,73.52,29.44,15.41,11.95,13.95,36.87
70.76,198.82,135.71,59.2,77.01,89.2,15.68,72.28,118.55,93.57,11.75,42.93,52.74,42.71,52.44,70.5,22.42,40.68,83.54,34.97,13.23,198.82,135.71,59.2,77.01,89.2,15.68,72.28,118.55,93.57,11.75,41.9,53.04,43,52.41,66.89,22.79,40.34,75.47,29.77,22.02,135.71,59.2,77.01,89.2,15.68,72.28,118.55,55.13,42.81,54.65,77.12,13.9,39.87,87.63
106.74,138.31,273.06,112.17,46.05,79.69,26.2,47.8,61.39,95.12,69.29,88.41,196.07,112.81,78.31,110.15,61.05,62.77,56.14,62.58,150.02,138.31,273.06,112.17,46.05,79.69,26.2,47.8,61.39,95.12,69.29,89.8,180.81,105.59,88.35,114.9,73.45,76.08,69.85,53.8,125.13,273.06,112.17,46.05,79.69,26.2,47.8,61.39,195.72,109.92,73.36,110.49,51.61,66.67,58.46
164.42,235.43,162.97,71.68,85.06,115.29,55.11,203.76,135.04,110.47,101.95,237.34,218.55,132.37,210.03,285.74,293.33,374.27,242.07,124.29,200.34,235.43,162.97,71.68,85.06,115.29,55.11,203.76,135.04,110.47,101.95,237.29,222.36,148.44,214.45,282.09,278.17,338.22,244.34,93.63,210.21,162.97,71.68,85.06,115.29,55.11,203.76,135.04,216.29,139.81,206.07,280.17,240.68,348.83,242.48
119.83,112.37,191.42,102.88,103.95,133.24,26.75,75.09,102.14,213.6,268.72,77.24,171.72,151.44,158.3,258.71,69.37,118.3,150.05,146.8,243.21,112.37,191.42,102.88,103.95,133.24,26.75,75.09,102.14,213.6,268.72,81.26,168.47,133.45,161.24,236.23,90.3,131.07,151.45,151.06,239.04,191.42,102.88,103.95,133.24,26.75,75.09,102.14,164.95,141.99,158.07,246.24,47.29,123.1,148.79
197.72,183.56,57.37,79.42,61.15,104.06,38.82,85.74,81.01,183.48,209.95,259.01,186.54,225.52,216.09,365.17,155.78,311.44,214.65,215.99,311.29,183.56,57.37,79.42,61.15,104.06,38.82,85.74,81.01,183.48,209.95,263.87,189.57,225.75,207.05,355.95,166.08,304.18,206.64,152.92,309.62,57.37,79.42,61.15,104.06,38.82,85.74,81.01,168.07,219.49,204.77,362.13,129.1,314.09,202.48
50.96,126.82,75.83,52.61,43.72,39.51,60.34,23.42,67.1,132.02,139.34,61.23,81.96,48.11,53.46,56.94,35.36,42.86,64.42,59.33,81.28,126.82,75.83,52.61,43.72,39.51,60.34,23.42,67.1,132.02,139.34,61.07,86.79,46.52,56,56.68,35.06,42.36,64.15,57.46,92.49,75.83,52.61,43.72,39.51,60.34,23.42,67.1,89.72,47.33,56.61,57.29,31.45,42.3,64.05
6.68,103.1,45.03,13.69,16.37,32.89,86.92,18.43,20.44,14.59,16.82,16.46,14.29,10.04,9.63,34.73,16.77,24.04,25.83,6.06,16.91,103.1,45.03,13.69,16.37,32.89,86.92,18.43,20.44,14.59,16.82,13.3,12.46,6.08,4.65,36.06,19.02,23.42,24.63,1.36,13.08,45.03,13.69,16.37,32.89,86.92,18.43,20.44,14.59,7.07,7.24,37.73,18.26,24.72,14.55
116.26,33.8,64.34,7.72,25.7,16.58,137.24,12.34,24.96,0.79,6.84,7.37,35.92,8.28,21.43,22.63,28.53,18.93,37.52,1.03,37.37,33.8,64.34,7.72,25.7,16.58,137.24,12.34,24.96,0.79,6.84,1.95,64.19,4.52,25.14,10.95,27.55,14.56,38.56,0.59,36.49,64.34,7.72,25.7,16.58,137.24,12.34,24.96,49.85,6.47,24.72,17.93,35.96,16.18,43.27
8.97,14.85,33.77,25.47,16.8,3.33,142.3,17.69,21.66,8.73,0.84,0.72,5.2,8.69,4.78,1.18,11.27,5.9,11.01,3.64,0.9,14.85,33.77,25.47,16.8,3.33,142.3,17.69,21.66,8.73,0.84,0.02,3.64,9.43,1.37,0.34,11.06,1.42,18.26,4.53,0.66,33.77,25.47,16.8,3.33,142.3,17.69,21.66,5.88,10.65,3.19,0.63,14.1,3.77,12.61
23.69,110.05,126.9,70.99,27.37,9.32,130.85,32.25,6.33,21.56,4.92,7.5,15.89,26.1,6.97,2.77,21.48,13.01,2.46,12.84,6.03,110.05,126.9,70.99,27.37,9.32,130.85,32.25,6.33,21.56,4.92,5,23.09,33.13,5.14,1.01,24.26,12.02,2.18,10.83,6.2,126.9,70.99,27.37,9.32,130.85,32.25,6.33,27.58,31.43,6.5,1.74,26.7,14.18,2.44
120.4,162.45,118.97,46.15,54.38,53.71,34.57,27.75,85.26,24.54,103.08,25.72,39.1,39.68,27.78,39.26,37.07,47.08,67.86,22.54,171.73,162.45,118.97,46.15,54.38,53.71,34.57,27.75,85.26,24.54,103.08,20.46,29.14,40.79,18.54,36.08,35.59,49.82,113.99,20.18,162.47,118.97,46.15,54.38,53.71,34.57,27.75,85.26,34.7,42.07,16.18,36.65,25.21,58.29,94.69
62.75,235.13,99.91,74.68,52.52,22.22,22.07,33,59.77,77.47,18.87,38.53,43.18,71.06,33.72,20.8,31.25,27.2,56.11,46.57,23.92,235.13,99.91,74.68,52.52,22.22,22.07,33,59.77,77.47,18.87,39.31,42.86,65.63,29.3,23.03,30.94,30.48,56.01,47.82,30.08,99.91,74.68,52.52,22.22,22.07,33,59.77,42.11,79.54,28.18,17.37,21.79,26.56,63.83
33.37,160.88,99.57,60.69,45.78,52.48,57.17,58.81,59.25,129.96,57.55,34.74,38.68,43.78,31.17,41.46,81.83,33.07,41.74,48.58,64.84,160.88,99.57,60.69,45.78,52.48,57.17,58.81,59.25,129.96,57.55,30.77,37.84,44.8,30.54,42.65,81.14,34.66,43.4,56.22,65.43,99.57,60.69,45.78,52.48,57.17,58.81,59.25,37.2,42.5,26.39,40.47,67.98,31.71,39.72
109.22,117.17,162.83,97.29,75.09,108.62,43.55,114.87,68.55,149.43,28.67,74.89,116.87,97.83,127.66,150.11,101.47,150.77,62.68,98.3,62.06,117.17,162.83,97.29,75.09,108.62,43.55,114.87,68.55,149.43,28.67,76.34,108.97,104.57,121.93,126.64,107.09,135.99,74.32,90.42,74.17,162.83,97.29,75.09,108.62,43.55,114.87,68.55,114.75,99.45,119.87,141.19,85.58,142.54,64.48
207.91,211.06,222.8,149.09,67.71,119.8,29.95,62.23,71.21,167.89,124.4,212.73,298.79,275.3,167.21,296.9,159.41,114.31,127.66,188.86,244.45,211.06,222.8,149.09,67.71,119.8,29.95,62.23,71.21,167.89,124.4,212.79,256.81,276.96,179.21,288.19,183.69,143.49,139.37,154.71,258.09,222.8,149.09,67.71,119.8,29.95,62.23,71.21,281.87,271.74,166.56,290.19,129.83,129.83,133.5
145.93,178.38,193.01,124.93,81.43,67.46,106.23,122.04,60.72,242.81,285.89,122.66,173.15,183.86,123.99,130.99,275.5,192.29,89.18,166.88,258.76,178.38,193.01,124.93,81.43,67.46,106.23,122.04,60.72,242.81,285.89,125.29,162.89,178.36,134.15,138.67,201.8,187.27,96.49,163.59,254.87,193.01,124.93,81.43,67.46,106.23,122.04,60.72,162.92,179.15,126.02,133.34,207.86,187.78,90.08
298.12,173.55,27.41,86.87,65.53,68.45,54.19,44.02,86.34,229.44,210.23,244.9,89.11,246.66,231.57,240.22,217.47,159.91,228.77,270.08,311.7,173.55,27.41,86.87,65.53,68.45,54.19,44.02,86.34,229.44,210.23,238.15,107.37,246.74,225.46,234.25,211.04,168.98,220.07,310.36,345.47,27.41,86.87,65.53,68.45,54.19,44.02,86.34,67.68,247.55,224.12,237.51,178.83,153.9,215.81
47.44,147.31,43.96,105.2,24.92,39.01,57.75,24.93,55.14,138.84,63.26,71.13,47.51,96.25,30.47,56.2,33.84,45.65,52.93,62.45,36.89,147.31,43.96,105.2,24.92,39.01,57.75,24.93,55.14,138.84,63.26,78.18,44.95,105.77,23.52,55.2,33.7,45.06,53.95,66.87,34.33,43.96,105.2,24.92,39.01,57.75,24.93,55.14,44.16,110.64,22.77,54.7,31.25,44.82,53.74
24.83,142.98,52.71,23.44,22.84,30.08,103.03,11.74,5,45.92,56.31,22.85,16.73,17.16,13.44,31.77,19.9,15.28,6.31,19.06,56.64,142.98,52.71,23.44,22.84,30.08,103.03,11.74,5,45.92,56.31,26.74,12.18,15.17,6.17,39.28,28.15,12.44,5.05,20.63,60.27,52.71,23.44,22.84,30.08,103.03,11.74,5,16.58,15.87,10.12,33.88,25.35,13.87,1.62
33.1,187.99,29.24,11.22,62.41,11.82,104.38,21.02,12.44,18.34,14.62,40.99,16.29,12.06,52.05,16.1,21.7,32.24,18.72,23.94,79.89,187.99,29.24,11.22,62.41,11.82,104.38,21.02,12.44,18.34,14.62,69.51,12.19,6.57,95.13,8.19,9.46,68.35,19,19.6,89.7,29.24,11.22,62.41,11.82,104.38,21.02,12.44,16.16,9.73,70.32,12.68,14.71,45.61,19.62
3.1,270.6,17.14,14.89,8.31,20.24,53.7,6.51,23.64,28.79,2,13.16,2.63,5.06,2.36,7.29,4.26,2.19,11.99,12,2.12,270.6,17.14,14.89,8.31,20.24,53.7,6.51,23.64,28.79,2,18.46,0.53,2.56,0.37,5.09,0.88,3.11,16.26,12.93,1.73,17.14,14.89,8.31,20.24,53.7,6.51,23.64,1.49,4.4,1.02,6.96,3.08,2.71,13.7
1.93,214.05,46.46,68.03,8.61,48.94,45.87,15.29,63.61,17.17,22.74,14.65,5.8,25.07,2.18,14.58,7.53,6.17,24.8,10.23,27.89,214.05,46.46,68.03,8.61,48.94,45.87,15.29,63.61,17.17,22.74,11.8,3.45,34.52,0.95,14.02,5.03,3.55,27.61,9.66,27.95,46.46,68.03,8.61,48.94,45.87,15.29,63.61,3.34,31.86,1.59,14.97,5.11,4.47,29.42
28.25,442.87,189.18,36.76,87.57,52.8,27.76,11.99,29.32,82.42,11.39,70.08,62.17,31.6,44.73,38.57,29.76,20.33,23.31,75.77,19,442.87,189.18,36.76,87.57,52.8,27.76,11.99,29.32,82.42,11.39,96.14,79.31,26.05,61.35,41.45,28.8,17.07,12.86,104.21,20.92,189.18,36.76,87.57,52.8,27.76,11.99,29.32,79.53,27.79,49.82,44.25,21.48,11.39,14.67
34.07,309.4,85.53,24.65,57.08,41.29,17.66,38.22,34.06,56.77,9.05,50.68,36.99,23.46,36.67,38.63,25,31.59,31.96,34.15,11.47,309.4,85.53,24.65,57.08,41.29,17.66,38.22,34.06,56.77,9.05,51,36.57,25.56,32.08,40.27,24.07,36.14,32.01,31.29,21.14,85.53,24.65,57.08,41.29,17.66,38.22,34.06,34.58,20.48,30.96,36.88,12.44,31.13,28.4
50.94,184.4,66.64,27.15,135.68,25.49,29.25,140.75,27.17,153.44,33.85,39.8,25.88,19.62,92.34,20.14,41.87,79.15,19.11,57.36,38.13,184.4,66.64,27.15,135.68,25.49,29.25,140.75,27.17,153.44,33.85,40.41,24.41,21.13,94.78,22.1,41.73,73.74,22.58,58.3,40.18,66.64,27.15,135.68,25.49,29.25,140.75,27.17,21.78,16.55,117.94,17.09,33.55,80.23,15.85
59.14,138.03,233.01,104.29,120.8,65.34,41.15,142.53,99.46,227.36,68.03,88.22,167.33,104.9,205.39,90.3,95.86,187.08,90.93,149.53,147.31,138.03,233.01,104.29,120.8,65.34,41.15,142.53,99.46,227.36,68.03,89.61,153.24,108.24,164.58,92.54,100.71,169.71,93.74,156.36,108.18,233.01,104.29,120.8,65.34,41.15,142.53,99.46,165.73,105.02,195.82,89.76,77.75,178.19,89.25
157.56,285.51,233.36,178.09,78.51,95.52,15.6,158.4,66.53,292.34,139.57,287.8,312.97,328.88,193.85,236.73,83.02,290.95,119.26,328.93,274.25,285.51,233.36,178.09,78.51,95.52,15.6,158.4,66.53,292.34,139.57,287.71,298.48,314.43,192.77,240.4,102.01,274.22,130.86,361.19,266.9,233.36,178.09,78.51,95.52,15.6,158.4,66.53,306.28,316.43,187.86,235.51,54.47,277.9,125.16
111.65,303.25,154.18,74.17,123.17,74.94,45.3,75.65,73.78,214.7,176.54,208.92,138.29,109.14,187.57,145.52,117.47,119.2,108.38,147.57,159.78,303.25,154.18,74.17,123.17,74.94,45.3,75.65,73.78,214.7,176.54,205.36,143.07,127.69,179.81,136.73,129.46,126.54,115.14,152.65,158.98,154.18,74.17,123.17,74.94,45.3,75.65,73.78,134.99,116.45,183.76,141.68,95.71,120.99,109.3
203.95,163.68,25.68,76.49,77.86,74.82,43.6,79.93,31.63,227.43,279.03,230.97,83.51,217.21,275.11,262.57,174.99,290.31,83.82,267.7,413.69,163.68,25.68,76.49,77.86,74.82,43.6,79.93,31.63,227.43,279.03,232,102.27,217.54,278.32,268.5,193.49,286.61,74.26,306.15,504.44,25.68,76.49,77.86,74.82,43.6,79.93,31.63,69.59,207.12,283.88,262.92,152.41,291.78,63.86
24.85,78.8,29.79,36.02,60.76,38.31,95.42,28.56,38.43,180.88,44.44,38.08,32.2,32.97,74.31,55.19,55.93,52.28,36.92,81.3,25.97,78.8,29.79,36.02,60.76,38.31,95.42,28.56,38.43,180.88,44.44,34.05,29.15,30.29,97.58,55.92,56.49,50.69,36.16,96.82,22.99,29.79,36.02,60.76,38.31,95.42,28.56,38.43,26.02,29.92,93.8,57.59,56.56,49.75,34.95
3.42,87.33,25.64,15.58,47.05,14.98,124.89,24.31,24.04,7.82,37.13,13.94,8.13,11.43,27.69,15.82,24.13,31.67,30.35,3.24,37.36,87.33,25.64,15.58,47.05,14.98,124.89,24.31,24.04,7.82,37.13,10.93,2.59,8.81,35.68,12.57,42.29,57.13,36.19,1.66,37.68,25.64,15.58,47.05,14.98,124.89,24.31,24.04,4.8,9.85,34.65,16.18,32.71,40.11,26.92
39.5,98.58,34.53,9.94,37.36,27.73,116.43,28.17,5.56,37.26,5.09,21.5,19.29,10.69,31.16,37.81,24.18,43.23,8.37,48.62,27.79,98.58,34.53,9.94,37.36,27.73,116.43,28.17,5.56,37.26,5.09,15.93,5.87,4.76,25.86,55.17,34.99,53.12,6.05,52.16,26.38,34.53,9.94,37.36,27.73,116.43,28.17,5.56,13.91,7.45,30.12,45.76,30.6,49.11,5.34
10.74,172.4,27.39,22.31,15.24,44.14,136.27,43.26,6,35.82,22.14,8.39,4.23,7.63,4.33,15.92,10.81,14.42,3.04,14.91,23.58,172.4,27.39,22.31,15.24,44.14,136.27,43.26,6,35.82,22.14,7.43,1.28,5.35,2.17,24.64,18.45,19.83,2,38.98,25.64,27.39,22.31,15.24,44.14,136.27,43.26,6,3.3,7.65,3.85,21.05,15.77,19.72,2.91
34.1,257.16,105.5,39.17,132.52,71,47.59,38.12,24.46,58.05,1.61,17.56,13.2,14.42,33.81,21.2,7.83,15.37,9.52,34.59,1.97,257.16,105.5,39.17,132.52,71,47.59,38.12,24.46,58.05,1.61,16.55,10.51,12.29,47.58,16.8,9.35,18.21,6.93,50.36,2.17,105.5,39.17,132.52,71,47.59,38.12,24.46,11.72,12.76,38.5,20.28,9.32,19.94,7.43
41.27,351.6,112.17,26.63,67.77,52.6,13.79,20.32,43.43,40.87,4.25,55.64,36.88,22.87,34.61,38.48,14.81,34.47,34.54,37.57,7.09,351.6,112.17,26.63,67.77,52.6,13.79,20.32,43.43,40.87,4.25,54.2,33.79,15.48,46.16,39.61,13.74,32.8,25.28,27.7,7.81,112.17,26.63,67.77,52.6,13.79,20.32,43.43,35.73,17.66,34.74,42.08,6.48,31.83,28.98
49.26,252.03,64.68,38.48,67.69,55.93,15.23,47.05,26.74,89.13,11.65,41.29,27.95,36.63,43.47,52.3,21.58,38.86,25.07,53.61,14.76,252.03,64.68,38.48,67.69,55.93,15.23,47.05,26.74,89.13,11.65,40.8,27.49,37.72,47.52,51.84,21.38,40.58,25.14,56.43,30.74,64.68,38.48,67.69,55.93,15.23,47.05,26.74,24.72,35.88,51.25,54.35,15.79,38.55,22.22
48.95,358.97,197.29,56.44,73.99,32.92,23.35,58.1,76.52,151.91,60.28,77.49,76.67,40.7,50.38,26.02,33.41,32.71,53.92,56.78,67.93,358.97,197.29,56.44,73.99,32.92,23.35,58.1,76.52,151.91,60.28,86.11,79.73,40.61,50.87,27.86,33.72,33.97,53.83,57.7,71.54,197.29,56.44,73.99,32.92,23.35,58.1,76.52,87.47,41.13,57.12,23.39,23.44,31.3,53.06
79.44,175.57,75.82,177.51,66.93,19.98,22.56,80.37,225.58,139.44,6.58,112.23,54.45,178.53,113.81,27.65,52.57,105.5,206.28,91.7,14.24,175.57,75.82,177.51,66.93,19.98,22.56,80.37,225.58,139.44,6.58,112.67,64.41,158.94,112.58,43.52,64.42,109.41,182.34,82.42,51.23,75.82,177.51,66.93,19.98,22.56,80.37,225.58,53.36,170.4,108.86,32.04,43.45,104.87,194.97
258.02,172.65,234.76,150.89,119,151.2,63.17,79.79,220.87,224.23,78.73,174.05,314.83,278.6,293.83,374.73,336.22,146.56,395.91,252.31,154.69,172.65,234.76,150.89,119,151.2,63.17,79.79,220.87,224.23,78.73,174.05,291.46,265.18,290.16,332.94,310.25,148.6,378.94,265.91,168.04,234.76,150.89,119,151.2,63.17,79.79,220.87,306.86,269.03,288.93,354.79,275.98,145.75,385.24
141.19,222,216.13,50.97,149.36,98.07,52.21,101.65,60.58,196.72,92.15,152.6,193.86,75.02,227.46,190.39,135.41,160.16,89.03,135.21,83.38,222,216.13,50.97,149.36,98.07,52.21,101.65,60.58,196.72,92.15,152.59,191.57,96.41,212.02,178.32,137.3,156.58,99.07,135.55,84.77,216.13,50.97,149.36,98.07,52.21,101.65,60.58,189.23,84.49,221.97,183.81,106.61,156.73,91.46
231.36,165.23,82.08,71.17,68.39,29.15,15.99,38.04,140.72,242.65,28.81,233.16,266.86,202.08,241.65,102.34,64.14,138.19,372.87,285.63,42.71,165.23,82.08,71.17,68.39,29.15,15.99,38.04,140.72,242.65,28.81,228.54,260.98,202.12,244.91,112.9,84.08,146.08,379.12,275.13,23.58,82.08,71.17,68.39,29.15,15.99,38.04,140.72,245.46,201.79,245.41,103.54,34.49,133,390.57
82.36,148.32,61.3,53.47,27.59,23.02,58.37,26.28,44.21,147.79,15.25,71.62,66.21,48.9,33.74,33.15,34.22,48.11,42.45,66.44,8.89,148.32,61.3,53.47,27.59,23.02,58.37,26.28,44.21,147.79,15.25,75.04,71.35,45.13,30.42,31.73,33.83,46.88,41.96,60.34,5.01,61.3,53.47,27.59,23.02,58.37,26.28,44.21,70.71,45.4,30.17,29.43,30.77,46.27,41.24
27.43,60.82,40.88,27.41,30.79,16.86,68.81,22.1,4.47,23.81,5.61,9.73,12.99,20.1,18.11,17.81,13.3,28.81,5.67,9.86,5.64,60.82,40.88,27.41,30.79,16.86,68.81,22.1,4.47,23.81,5.61,6.36,10.29,19.13,19.97,12.83,7.27,31.61,4.42,5.88,3.88,40.88,27.41,30.79,16.86,68.81,22.1,4.47,11.28,20.53,19.61,16.6,9.99,30.04,1.28
31.69,65.57,64.16,39.25,23.74,9.87,281.29,15.63,0.3,31.56,0.26,14.31,35.84,42.25,19.83,13.45,58.45,23.99,0.45,41.18,1.42,65.57,64.16,39.25,23.74,9.87,281.29,15.63,0.3,31.56,0.26,7.75,32.9,69.35,27.99,7.68,113.79,21.4,0.16,42.75,0.88,64.16,39.25,23.74,9.87,281.29,15.63,0.3,40.14,56.92,21.26,11.43,106.99,22.66,0
11.88,131.77,31.23,36.45,27.05,21.58,93.36,21.13,6.21,19.92,0,6.45,4.81,12.43,7.64,7.78,7.4,7.07,3.16,8.29,0,131.77,31.23,36.45,27.05,21.58,93.36,21.13,6.21,19.92,0,2.92,2.22,17.03,5.46,6.59,6.2,21.97,1.13,5.57,0,31.23,36.45,27.05,21.58,93.36,21.13,6.21,4.13,16.51,7.81,8.04,9.07,10.57,2.44
24.04,303.96,89.99,8.81,27.84,97.07,72.79,30.26,34.13,25.79,18.75,20.79,11.27,3.23,7.09,28.97,11.97,12.19,13.33,15.38,23.02,303.96,89.99,8.81,27.84,97.07,72.79,30.26,34.13,25.79,18.75,24.44,9.62,1.89,3.96,37.25,9.83,11.4,10.77,13.42,22.78,89.99,8.81,27.84,97.07,72.79,30.26,34.13,10.84,1.62,6.07,31.79,10.9,13.08,11.84
55,280.12,130.35,39.82,124.05,35.48,26.3,22.05,43.78,53.36,4.14,44.33,42.81,34.21,63.33,25.93,28.21,37.42,34.87,49.04,6.89,280.12,130.35,39.82,124.05,35.48,26.3,22.05,43.78,53.36,4.14,45.82,45.48,30.54,71.38,21.29,27.57,38.45,30.82,38.75,7.21,130.35,39.82,124.05,35.48,26.3,22.05,43.78,50.06,33.14,65.73,20.01,21.8,41.1,34.57
65.09,311.25,56.68,22.57,70.16,104.72,21.6,43.54,37.71,60.33,6.64,50.98,24.5,21.47,45.06,97.99,30.56,35.95,35.38,36.25,8.43,311.25,56.68,22.57,70.16,104.72,21.6,43.54,37.71,60.33,6.64,51.55,24.2,23.3,42.87,93.33,29.68,40.22,35.4,32.28,17.3,56.68,22.57,70.16,104.72,21.6,43.54,37.71,22.08,19.07,44.45,108.45,15.55,35.6,35.28
83.02,119.35,79.34,35.61,52.66,17.01,62.52,73.25,92.92,95.79,23.39,25.79,30.85,25.69,35.82,13.44,89.5,41.24,65.46,35.79,26.35,119.35,79.34,35.61,52.66,17.01,62.52,73.25,92.92,95.79,23.39,21.12,29.36,26.98,35.33,15.05,88.89,42.9,64.97,35.12,35.34,79.34,35.61,52.66,17.01,62.52,73.25,92.92,27.13,23.37,32.36,10.64,73.29,39.74,64.8
134.84,167.27,132.25,93.18,45.79,82.23,24.28,43.39,220.65,210.51,25,106.92,94.95,93.7,77.88,113.62,56.57,56.98,201.79,138.44,54.14,167.27,132.25,93.18,45.79,82.23,24.28,43.39,220.65,210.51,25,106.79,98.88,93.39,84.52,115.03,70.85,71.33,184.15,141,40.53,132.25,93.18,45.79,82.23,24.28,43.39,220.65,94.03,93.45,71.55,112.27,42.52,61.37,192.4
331.55,175.32,221.37,179.82,54.97,76.3,116.14,246.25,236.07,177.76,87.7,176.74,296.87,332.02,135.73,189.14,618.18,452.27,423.16,200.01,172.32,175.32,221.37,179.82,54.97,76.3,116.14,246.25,236.07,177.76,87.7,176.74,284.48,307.85,147.32,196.31,413.3,364.39,395.22,214.5,171.32,221.37,179.82,54.97,76.3,116.14,246.25,236.07,290.16,315.88,134.37,189.52,467.53,400.63,407.27
148.77,232.3,221.05,84.13,92.58,62.48,51.09,81.7,114.81,292.28,111.35,159.72,198.3,123.79,140.99,121.32,132.52,128.74,168.61,200.91,100.79,232.3,221.05,84.13,92.58,62.48,51.09,81.7,114.81,292.28,111.35,159.62,192.6,134,136.7,129.59,153.57,126.57,170.09,226.32,100.32,221.05,84.13,92.58,62.48,51.09,81.7,114.81,190.94,126.54,138.79,123.68,122.38,127.1,166.94
210.44,106.6,58.9,145.36,89.89,181.77,21.26,62.94,103.03,190.7,208.6,150.41,191.51,412.77,317.64,637.89,85.31,228.57,272.99,224.47,309.24,106.6,58.9,145.36,89.89,181.77,21.26,62.94,103.03,190.7,208.6,132.48,203.46,411.99,322.72,584.45,107.32,234.94,270.36,236.28,297.13,58.9,145.36,89.89,181.77,21.26,62.94,103.03,182.21,445.88,330.67,623.84,61,224.26,271.78
81.45,113.43,15.58,55.93,24.77,27,82.14,29.3,57.51,168.21,137.77,54.75,16.8,51.18,30.27,38.91,48.12,53.63,55.2,75.62,80.35,113.43,15.58,55.93,24.77,27,82.14,29.3,57.51,168.21,137.77,53.35,13.76,49.57,24.39,38.36,48.46,53.05,55.19,96.25,81.48,15.58,55.93,24.77,27,82.14,29.3,57.51,8.35,50.76,23.88,37.64,47.03,53.23,54.84
22.39,83.65,34.98,39.04,34.26,9.73,78.23,4.5,3.76,32.11,16.75,13.34,11.07,28.59,20.18,10.26,15.1,5.86,4.77,13.31,16.84,83.65,34.98,39.04,34.26,9.73,78.23,4.5,3.76,32.11,16.75,10.32,4.09,29.11,20.73,6.64,10.3,3.17,3.67,5.79,13.76,34.98,39.04,34.26,9.73,78.23,4.5,3.76,7.84,30.74,22.26,9.27,14.02,3.87,1.04
13.28,160.77,4.98,32.27,40.13,3.51,100.56,13.73,25.64,8.99,0.71,35.04,2.76,34.74,33.47,4.76,20.88,21.07,38.52,11.74,3.88,160.77,4.98,32.27,40.13,3.51,100.56,13.73,25.64,8.99,0.71,50.71,0.19,50.13,60.24,1.15,10.86,14.16,39.04,9.34,3.1,4.98,32.27,40.13,3.51,100.56,13.73,25.64,0.91,42.7,40.26,2.35,16.64,16.48,43.93
2.09,223.76,45.79,8.08,34.47,10.63,119.78,25.48,17.12,33.37,0.51,10.91,7.03,2.74,9.78,3.81,9.47,8.5,8.67,13.88,0.54,223.76,45.79,8.08,34.47,10.63,119.78,25.48,17.12,33.37,0.51,12.22,4.54,0.67,9.7,2,7.97,3.36,11.02,17.92,0.41,45.79,8.08,34.47,10.63,119.78,25.48,17.12,7.2,1.45,11.13,3.12,11.85,7.51,9.5
3.36,148.86,96.22,14.25,40.6,1.07,37.23,34.85,23.17,15.34,0.43,10.15,12.06,5.25,10.33,0.32,6.13,14.04,9.03,9.16,0.52,148.86,96.22,14.25,40.6,1.07,37.23,34.85,23.17,15.34,0.43,5.55,10.18,4.16,7.92,0.11,3.7,17.56,6.15,9.23,0.64,96.22,14.25,40.6,1.07,37.23,34.85,23.17,10.95,4.23,9.88,0.2,3.49,18.22,6.75
40.76,159.66,94.81,65.61,80.52,73.86,23.47,18.69,105.67,40.06,35.28,25.25,31.12,56.4,41.12,54,25.17,31.72,84.09,36.86,58.78,159.66,94.81,65.61,80.52,73.86,23.47,18.69,105.67,40.06,35.28,18.22,18.95,60.83,39.66,64.4,24.3,29.16,110.42,38.81,59.22,94.81,65.61,80.52,73.86,23.47,18.69,105.67,23.26,61.67,34.31,68.76,17.45,26.44,109.06
38.21,165.7,81.66,41.77,72.46,13.35,8.17,93.33,69.17,74.37,151.31,27.12,35.31,39.73,46.51,12.47,11.57,77.06,64.93,44.73,191.84,165.7,81.66,41.77,72.46,13.35,8.17,93.33,69.17,74.37,151.31,24.15,35.63,40.54,48.88,14.27,11.04,64.98,64.89,48.07,145.04,81.66,41.77,72.46,13.35,8.17,93.33,69.17,36.61,39.43,51.57,9.56,5.54,76.8,72.29
30.69,175.54,76.8,33.68,33.32,51.93,22.5,43.27,45.75,173.03,83.35,37.88,29.85,24.31,22.68,41.04,32.21,24.3,32.25,64.67,93.89,175.54,76.8,33.68,33.32,51.93,22.5,43.27,45.75,173.03,83.35,38.36,29.43,25.89,21.82,41.18,32.56,26.32,31.91,68.8,82.15,76.8,33.68,33.32,51.93,22.5,43.27,45.75,29.11,21.29,15.2,41.36,19.91,22.77,31.6
95.22,120.22,82.83,112.08,52.96,43.11,41.39,77.07,134.94,181.57,148.49,76.85,59.46,112.71,90.05,59.56,96.42,101.18,123.42,119.41,321.5,120.22,82.83,112.08,52.96,43.11,41.39,77.07,134.94,181.57,148.49,78.33,63.38,120.02,99.49,79.37,103.46,101.6,118.39,122.11,221.63,82.83,112.08,52.96,43.11,41.39,77.07,134.94,56.02,114.23,86.65,65.58,78.96,99.97,119.14
212.7,255.83,183.46,126.24,81.38,104.71,74.85,147.76,136.96,281.81,208.93,257.87,246.03,233.1,200.98,259.51,398.41,271.41,245.52,317.08,410.54,255.83,183.46,126.24,81.38,104.71,74.85,147.76,136.96,281.81,208.93,257.84,233.78,235.81,204.72,255.95,353.81,275.76,243.26,357.06,353.7,183.46,126.24,81.38,104.71,74.85,147.76,136.96,238.01,230.38,197.21,254.31,329.48,269.13,242.9
126.13,159.03,361.55,92.48,127.38,81.75,56.25,72.97,72.36,286.93,237.93,109.38,324.35,136.13,193.98,158.73,145.89,114.97,106.3,197.21,215.32,159.03,361.55,92.48,127.38,81.75,56.25,72.97,72.36,286.93,237.93,112.55,268.88,139.61,183.95,164.06,151.59,125.53,111.6,225.57,214.32,361.55,92.48,127.38,81.75,56.25,72.97,72.36,286.85,135.55,189.66,159.26,121.03,118.5,106.59
283.51,173.18,253.39,49.16,81.09,74.46,31.97,77.66,88.39,236.49,256.15,244.36,823.86,139.58,286.53,261.31,128.29,282.09,234.21,278.36,379.77,173.18,253.39,49.16,81.09,74.46,31.97,77.66,88.39,236.49,256.15,236.84,704.85,140.02,290.78,268.81,153.52,273.88,229.62,339.51,398.35,253.39,49.16,81.09,74.46,31.97,77.66,88.39,783.41,123.04,295.51,262,105.4,284.59,228.27
35.38,89.63,45.78,73.73,44.49,24.05,85.89,31.75,51.93,157.07,187.46,43.27,49.46,67.47,54.38,34.65,50.35,58.12,49.84,70.59,109.32,89.63,45.78,73.73,44.49,24.05,85.89,31.75,51.93,157.07,187.46,39.68,48.55,70.69,53.92,33.54,50.54,58.06,49.67,81.06,114.1,45.78,73.73,44.49,24.05,85.89,31.75,51.93,47.6,73.18,54.81,31.76,49.8,59.46,48.97
49.38,187.33,68.21,5.34,62.46,3.98,98.98,21.43,5.03,72.73,92.26,29.94,21.67,3.92,36.74,4.19,19.12,27.93,6.35,30.19,92.82,187.33,68.21,5.34,62.46,3.98,98.98,21.43,5.03,72.73,92.26,30.37,16.62,1.67,39.51,1.57,17.07,27.09,5.9,31.42,132.91,68.21,5.34,62.46,3.98,98.98,21.43,5.03,21.45,1.82,43.48,2.72,20.14,28.65,3.39
22.84,61.17,24.69,14.93,14.91,8.06,126.74,12.42,5.45,4.72,3.15,13.36,13.79,16.08,12.45,11.01,26.31,19.06,8.21,6.15,17.2,61.17,24.69,14.93,14.91,8.06,126.74,12.42,5.45,4.72,3.15,6.28,3.38,8.55,5.18,4.51,19.1,14.62,5.89,4.69,15.79,24.69,14.93,14.91,8.06,126.74,12.42,5.45,8.84,11.92,7.75,7.7,26.77,16.37,5.24
4.31,271.93,65.11,14.62,41.82,14.07,37.87,21.05,19.57,29.29,0.9,13.23,10.01,4.98,11.84,5.06,2.99,7.02,9.97,12.18,0.96,271.93,65.11,14.62,41.82,14.07,37.87,21.05,19.57,29.29,0.9,22.26,23.56,2.64,25,2.14,0.17,21.34,4.29,14.07,0.67,65.11,14.62,41.82,14.07,37.87,21.05,19.57,16.08,4.33,16.53,3.71,1.09,10.93,9.15
0.92,225.37,111.9,21.29,43.37,31.3,66.38,26.84,23.45,13.13,1.22,15.4,14.01,7.84,11.06,9.34,10.88,10.83,9.15,7.83,1.5,225.37,111.9,21.29,43.37,31.3,66.38,26.84,23.45,13.13,1.22,15.5,12.63,6.03,9.45,18.45,9.85,9.75,6.03,6.46,1.59,111.9,21.29,43.37,31.3,66.38,26.84,23.45,14.26,5.99,10.71,10.91,11.18,10.74,6.5
28.85,215.66,116.25,49.34,53.85,42.71,26.43,27.51,36.79,43.19,79.64,34.1,38.2,42.39,27.51,31.21,28.34,46.69,29.32,39.69,132.69,215.66,116.25,49.34,53.85,42.71,26.43,27.51,36.79,43.19,79.64,32.47,31.46,49.43,19.39,27.47,27.22,47.22,19.29,37.76,129.1,116.25,49.34,53.85,42.71,26.43,27.51,36.79,34.58,45.71,16.76,27.3,19.14,53.12,21.97
19.08,268.73,104.09,50.89,68.96,73.34,37.65,67.95,33.8,26.53,109.52,44.04,44.98,48.45,44.29,68.6,53.3,56.09,31.71,15.95,138.88,268.73,104.09,50.89,68.96,73.34,37.65,67.95,33.8,26.53,109.52,43.09,45.82,47.24,41.48,61.72,53.48,48.88,31.77,13.3,109.66,104.09,50.89,68.96,73.34,37.65,67.95,33.8,49.51,50.9,42.89,78.36,44.3,55.93,27.84
53.74,183.49,128.4,114.07,62.51,85.16,29.81,87.25,52.36,76.55,4.43,39.6,49.9,82.26,42.58,67.32,42.66,49.06,36.92,28.6,4.98,183.49,128.4,114.07,62.51,85.16,29.81,87.25,52.36,76.55,4.43,38.44,51.04,78.48,42.16,63.47,42.57,48.76,37.43,21.7,11.33,128.4,114.07,62.51,85.16,29.81,87.25,52.36,53.26,90.82,40.53,74.14,33.78,48.39,35.6
80.32,148.98,80.56,98.36,61.24,78.04,52.23,120.34,69.7,202.73,102.62,95.23,57.85,98.91,104.11,107.83,121.67,157.97,63.71,133.35,222.17,148.98,80.56,98.36,61.24,78.04,52.23,120.34,69.7,202.73,102.62,95.94,64.96,98.74,109.01,110.26,125.09,138.89,71.08,129.83,169.73,80.56,98.36,61.24,78.04,52.23,120.34,69.7,56.24,98.3,98.54,106.93,100.65,148.97,63.96
241.62,163.45,134.41,180.77,119.07,118.71,52.92,106.54,47.92,216.64,180.34,164.76,180.23,333.81,294.02,294.2,281.69,195.67,85.88,243.73,354.37,163.45,134.41,180.77,119.07,118.71,52.92,106.54,47.92,216.64,180.34,164.84,188.63,310.39,292.37,284.04,285.64,195.98,92.58,236.98,330.86,134.41,180.77,119.07,118.71,52.92,106.54,47.92,180.03,317.37,290.01,286.1,226.87,192.38,89.4
168.87,195.47,108.94,96.69,99.86,99.83,47.14,119.51,73.31,190.94,234.45,136.18,97.73,142.26,152.09,193.82,122.23,188.32,107.71,131.21,212.2,195.47,108.94,96.69,99.86,99.83,47.14,119.51,73.31,190.94,234.45,137.2,115.38,149.85,155.54,181.5,135.88,184.93,107.22,112.78,210.46,108.94,96.69,99.86,99.83,47.14,119.51,73.31,103.14,143.98,152.08,186.25,105.96,184.97,106.08
241.03,150.04,40.2,97.69,98.52,68.17,72.88,92.83,52.85,105.44,187.42,211.71,130.72,277.4,348.12,239.24,292.46,337.2,140.01,124.09,277.85,150.04,40.2,97.69,98.52,68.17,72.88,92.83,52.85,105.44,187.42,207.63,145.35,277.21,369.26,245.17,278.2,325.9,132.71,49.57,276.53,40.2,97.69,98.52,68.17,72.88,92.83,52.85,108.6,287.54,381.6,238.97,248.82,341.56,126.48
44.61,62.51,35.82,46.99,32.56,32.93,107.64,40.98,16.47,26.4,63.41,30.18,38.69,43.02,39.77,47.46,63.1,75,15.82,11.85,36.97,62.51,35.82,46.99,32.56,32.93,107.64,40.98,16.47,26.4,63.41,26.62,34.86,41.11,33.49,46.92,63.41,76.07,15.19,5.96,30.21,35.82,46.99,32.56,32.93,107.64,40.98,16.47,32.14,41.04,33.63,46.57,63.95,79.3,13.77
7.24,179.11,45.51,17.87,14.84,21.56,190.28,6.42,6.09,17.79,25.52,28.62,14.46,13.11,8.72,22.73,36.74,8.36,7.69,7.38,25.66,179.11,45.51,17.87,14.84,21.56,190.28,6.42,6.09,17.79,25.52,52.05,14.31,9.58,2.97,23.89,47.16,5.97,6.54,3.44,26.15,45.51,17.87,14.84,21.56,190.28,6.42,6.09,14.41,10.59,5.38,23.54,48.04,6.85,2.73
10.73,125.63,14.14,33.93,8.47,14.84,198.94,18.07,12.03,18.32,13.43,27.39,7.87,36.52,7.07,20.23,41.37,27.73,18.1,23.91,73.37,125.63,14.14,33.93,8.47,14.84,198.94,18.07,12.03,18.32,13.43,29.83,9.46,43.82,4.27,49.19,45.17,20.48,13.95,27.59,76.74,14.14,33.93,8.47,14.84,198.94,18.07,12.03,9.04,44.3,5.46,25.58,57.72,23.02,13.13
1.11,184.56,51.42,10.2,40.11,12.05,36.69,20.17,5.05,12,2.91,8.97,7.91,3.47,11.37,4.35,2.9,6.72,2.57,4.99,3.1,184.56,51.42,10.2,40.11,12.05,36.69,20.17,5.05,12,2.91,27.25,6.12,1.15,20.33,2.6,0.4,6.7,0.58,4.93,2.48,51.42,10.2,40.11,12.05,36.69,20.17,5.05,7.93,2.22,15.78,3.77,1.54,8.59,1.62
19.49,72.3,81.77,83.59,78.64,15.64,16.78,37.97,21.72,4.24,0,4.95,10.27,30.76,20.04,4.68,2.77,15.31,8.46,2.53,0,72.3,81.77,83.59,78.64,15.64,16.78,37.97,21.72,4.24,0,3.32,6.87,36.2,22.46,3.11,1.35,17.21,5.49,1.1,0,81.77,83.59,78.64,15.64,16.78,37.97,21.72,7.03,35.35,20.94,3.83,1.05,19.03,5.93
29.8,259.93,73.79,59.82,84.5,89.27,16.29,32.44,43.71,32.22,10.54,41.14,24.23,51.39,43.16,65.28,17.49,55.05,34.8,29.64,17.56,259.93,73.79,59.82,84.5,89.27,16.29,32.44,43.71,32.22,10.54,32.85,15.59,51.33,37.93,66.47,16.63,55.11,39.75,28.06,17.84,73.79,59.82,84.5,89.27,16.29,32.44,43.71,17.51,54.27,35.41,71.69,11.08,61.23,39.39
49.12,284.03,54.35,31.74,82.48,28.6,17.83,39.68,52.44,59.13,0.77,46.53,23.47,30.19,52.98,26.78,25.23,32.78,49.24,35.55,0.98,284.03,54.35,31.74,82.48,28.6,17.83,39.68,52.44,59.13,0.77,53.9,23.05,32.04,59.52,28.62,24.45,36.02,49.19,35.1,3.74,54.35,31.74,82.48,28.6,17.83,39.68,52.44,20.15,28.08,64.96,24.2,15.64,32.13,55.62
51.76,158.61,85.33,71.91,47.84,30.92,30.01,58.67,23.23,50.91,8.17,34.22,33.14,51.87,32.56,24.45,42.95,32.97,16.41,19.02,9.2,158.61,85.33,71.91,47.84,30.92,30.01,58.67,23.23,50.91,8.17,31.3,32.69,50.87,31.73,26.3,43.17,34.23,19.97,13.82,18.36,85.33,71.91,47.84,30.92,30.01,58.67,23.23,31.95,54.39,25.73,21.74,30.93,31.69,12.95
104.13,116.6,104.18,46.31,32.15,57.66,51.61,51.87,60.29,103.76,44.7,74.54,74.81,46.57,54.67,79.66,120.21,68.06,55.15,68.24,96.78,116.6,104.18,46.31,32.15,57.66,51.61,51.87,60.29,103.76,44.7,76,79.68,57.42,67.9,86.21,129.37,83,68.17,60.93,100.34,104.18,46.31,32.15,57.66,51.61,51.87,60.29,71.94,49.8,50.63,80.96,105.58,73.39,57.38
247.23,197.04,167.65,109.27,95.51,130.71,29.18,144.72,106.93,123.6,154.76,198.62,224.83,201.79,235.83,323.96,155.3,265.8,191.69,139.07,304.08,197.04,167.65,109.27,95.51,130.71,29.18,144.72,106.93,123.6,154.76,198.6,235.43,203.08,236.94,311.22,188.82,261.73,199.4,105.5,299,167.65,109.27,95.51,130.71,29.18,144.72,106.93,226.58,200.92,232.47,314.57,115.84,259.62,195.09
184.35,176.57,179.72,98.67,60.95,77.04,58.92,61.6,63.26,148.62,154.43,121.42,161.22,145.21,92.81,149.59,152.8,97.05,92.93,102.13,139.74,176.57,179.72,98.67,60.95,77.04,58.92,61.6,63.26,148.62,154.43,123.58,153.9,150.98,106.7,140.97,133.36,111.29,101.72,89.3,140.18,179.72,98.67,60.95,77.04,58.92,61.6,63.26,152.43,146.12,95.18,145.06,114.59,102.49,94.51
198.47,130.34,61.45,91.81,64.8,69.73,41.96,86.67,90.26,98.16,237.93,183.94,199.79,260.72,228.96,244.73,168.39,314.8,239.14,115.54,352.75,130.34,61.45,91.81,64.8,69.73,41.96,86.67,90.26,98.16,237.93,167.66,213.66,260.95,222.93,246.6,182.31,314.81,239.54,42.53,379.88,61.45,91.81,64.8,69.73,41.96,86.67,90.26,191.58,255.35,222.74,243.9,143.51,315.18,241.26
53.34,71.85,97.6,54.86,39.7,61.28,83.82,22.46,47.93,80.89,133.2,34.7,105.45,50.22,48.55,88.29,49.14,41.12,46.04,36.35,77.71,71.85,97.6,54.86,39.7,61.28,83.82,22.46,47.93,80.89,133.2,30.55,118.6,54.88,44.94,89.42,48.83,39.37,45.7,25.68,89.96,97.6,54.86,39.7,61.28,83.82,22.46,47.93,122.21,55.62,46.71,92.83,46.66,37.5,45.04
6.82,96.5,54.08,22.05,32.84,12.6,50.39,2.74,17.39,22.43,14.12,15.42,17.17,16.14,19.31,13.31,9.73,3.56,21.97,9.31,14.2,96.5,54.08,22.05,32.84,12.6,50.39,2.74,17.39,22.43,14.12,12.04,20.07,14.05,19.12,11.76,4.53,2.09,20.83,5.94,8.95,54.08,22.05,32.84,12.6,50.39,2.74,17.39,18.63,15.16,19.15,13.24,6.74,2.38,12.22
5.55,49.86,43.08,3.2,20.83,23.98,131.58,3.74,11.67,10.11,13.15,10.89,24.04,3.44,17.4,32.72,27.34,5.71,17.55,13.21,71.84,49.86,43.08,3.2,20.83,23.98,131.58,3.74,11.67,10.11,13.15,7.11,29.48,1.99,7.61,44.34,51.08,1.72,14.43,12.77,77.62,43.08,3.2,20.83,23.98,131.58,3.74,11.67,29.07,2.95,11.68,35.7,43.95,2.01,14.48
0.69,24.65,42.04,14.8,16.89,19.6,59.79,11.95,5.42,1.15,30.85,1.18,6.44,5.06,4.79,7.04,4.73,3.96,2.75,0.47,32.88,24.65,42.04,14.8,16.89,19.6,59.79,11.95,5.42,1.15,30.85,0.37,2.56,5.22,2.61,6.37,0.4,1,0.37,0.12,36.08,42.04,14.8,16.89,19.6,59.79,11.95,5.42,5.05,5.37,4.42,7.1,2.16,2.31,1.66
23.93,106.54,113.13,27.83,22.33,78.61,33.12,30.58,12.01,11.06,19.93,7.28,14.19,10.23,5.67,23.46,5.43,12.31,4.68,6.61,24.44,106.54,113.13,27.83,22.33,78.61,33.12,30.58,12.01,11.06,19.93,4.48,25.62,8.92,3.35,23.04,3.87,21.88,2.67,6.41,24.09,113.13,27.83,22.33,78.61,33.12,30.58,12.01,23.56,9.15,4.98,24.09,4.14,15.49,2.76
47.28,76.73,144.3,41.16,54.49,46.95,10.55,12.07,47.3,39.23,5.58,12.17,47.42,35.34,27.83,34.32,11.31,20.5,37.65,36.06,9.29,76.73,144.3,41.16,54.49,46.95,10.55,12.07,47.3,39.23,5.58,5.36,48.7,32.78,19.43,32.97,10.37,17.2,38.01,31.43,10.42,144.3,41.16,54.49,46.95,10.55,12.07,47.3,52.56,33.47,17.04,34.23,3.44,11.3,41.96
26.17,266.4,135.4,34.18,60.88,58.25,20.77,90.17,22.81,115.61,61.16,43.65,58.49,32.56,39.1,54.49,29.42,74.46,21.37,69.53,77.56,266.4,135.4,34.18,60.88,58.25,20.77,90.17,22.81,115.61,61.16,45.88,58.7,34.28,38.1,54.43,28.77,59.88,21.47,73.05,70.07,135.4,34.18,60.88,58.25,20.77,90.17,22.81,61.39,30.58,39.9,56.18,20.27,73.39,17.15
47.97,224.09,167.68,62.01,54.66,77.66,28.68,100.51,48.59,176.41,17.33,48.4,65.17,44.72,37.2,61.39,41.03,56.54,34.26,65.94,19.52,224.09,167.68,62.01,54.66,77.66,28.68,100.51,48.59,176.41,17.33,54.9,66.54,45.78,36.62,60.36,41.31,55.68,36.5,76.06,32.68,167.68,62.01,54.66,77.66,28.68,100.51,48.59,71.1,43.49,33.13,64.18,28.37,55.99,31.81
85.4,136.32,139.71,92.44,33.91,43.19,41,62.73,129.13,182.05,31.01,87.15,100.29,92.96,57.67,59.67,95.5,82.35,118.09,119.76,67.12,136.32,139.71,92.44,33.91,43.19,41,62.73,129.13,182.05,31.01,88.6,105.02,98.94,71.81,78.02,98.12,83.99,121.45,122.51,118.61,139.71,92.44,33.91,43.19,41,62.73,129.13,99.93,94.47,54.25,64.98,68.17,82.08,116.03
179.76,233.35,43.38,133.61,128.15,80.07,23.48,87.88,180.11,233.01,29.61,235.23,58.16,246.7,316.45,198.46,124.96,161.4,322.88,262.19,58.17,233.35,43.38,133.61,128.15,80.07,23.48,87.88,180.11,233.01,29.61,235.23,79.79,239.27,306.19,198.55,162.24,178.84,312.19,273.81,79.45,43.38,133.61,128.15,80.07,23.48,87.88,180.11,57.71,239.72,310.31,197.26,89.07,169.58,316.75
162.18,209.92,120.41,108.25,115.63,49.33,52.42,95.28,135.99,171.32,129.67,144.33,108.02,159.31,176.08,95.79,135.94,150.13,199.77,117.73,117.35,209.92,120.41,108.25,115.63,49.33,52.42,95.28,135.99,171.32,129.67,144.51,122.03,161.63,174.13,107.19,123.22,145.12,192.09,106.09,118.43,120.41,108.25,115.63,49.33,52.42,95.28,135.99,114.04,158.47,174.48,99.33,99.04,146.12,194.95
166.2,199.37,59.11,112.67,137.92,102.71,60.2,74.44,163.27,228.66,74.16,281.33,192.18,319.95,487.33,360.48,241.63,270.37,432.58,269.17,109.93,199.37,59.11,112.67,137.92,102.71,60.2,74.44,163.27,228.66,74.16,281.54,207.65,319.68,536.89,334.19,236.7,271.49,452.3,239.47,81.6,59.11,112.67,137.92,102.71,60.2,74.44,163.27,180.72,332.38,559.31,353.64,211.14,269.7,467.64
43.06,198.24,59.3,59.8,29.34,42.93,120.54,30.31,50.6,139.25,27.14,95.71,64.07,54.71,35.89,61.86,70.67,55.48,48.57,62.59,15.83,198.24,59.3,59.8,29.34,42.93,120.54,30.31,50.6,139.25,27.14,109.3,66.33,56.87,29.95,61.78,70.89,54.71,48.41,61.13,10.2,59.3,59.8,29.34,42.93,120.54,30.31,50.6,65.31,58.45,30.03,62.61,72.27,55.08,47.66
2.89,108.67,41.03,12.79,13.29,27.86,107.55,10.87,13.48,48.24,37.71,17.37,13.01,9.37,7.8,29.43,20.76,14.16,17.03,20.03,37.93,108.67,41.03,12.79,13.29,27.86,107.55,10.87,13.48,48.24,37.71,17.21,5.9,4.79,1.81,47.39,14.4,12.32,14.98,21.13,44.65,41.03,12.79,13.29,27.86,107.55,10.87,13.48,9.81,5.32,3.62,34.73,19.86,13.19,6.99
20.82,157.81,35.28,11.76,9.79,26.79,56.07,11.18,0.76,4.47,1.63,34.4,19.71,12.65,8.18,36.54,11.67,17.15,1.15,5.85,8.9,157.81,35.28,11.76,9.79,26.79,56.07,11.18,0.76,4.47,1.63,31.53,5.19,7.15,2.6,29.18,6.47,13.83,0.54,3.5,7.92,35.28,11.76,9.79,26.79,56.07,11.18,0.76,14.14,9.53,4.28,37.08,9.2,15.14,0.21
0.24,81.77,38.74,44.07,22.25,39.85,34.46,26.95,18.1,3.94,0.75,3.97,5.95,15.01,6.3,14.36,2.73,8.97,9.18,1.64,0.8,81.77,38.74,44.07,22.25,39.85,34.46,26.95,18.1,3.94,0.75,1,3.68,41.4,4.16,14.83,0.61,6.4,5.19,1.2,0.58,38.74,44.07,22.25,39.85,34.46,26.95,18.1,5.81,24.13,5.87,16.54,1.77,9.88,9.45
3.14,150.53,102.28,27.89,47.29,63.83,38.68,24.09,5.9,9.26,26.88,10.31,12.85,10.25,12.03,19.04,6.34,9.7,2.31,5.52,32.98,150.53,102.28,27.89,47.29,63.83,38.68,24.09,5.9,9.26,26.88,7.61,15.22,8.38,9.14,15.73,4.81,8.16,1.04,3.68,32.56,102.28,27.89,47.29,63.83,38.68,24.09,5.9,17.59,8.6,11.17,18.46,5.1,9.9,0.97
16.74,218.47,147.46,35.19,123.18,23.16,8.86,21.48,56.64,10.94,1.12,34.55,48.42,30.26,62.9,16.93,9.5,36.45,45.06,10.05,1.86,218.47,147.46,35.19,123.18,23.16,8.86,21.48,56.64,10.94,1.12,26.84,46.88,23.86,81.63,13.25,8.74,36.2,44.14,4.85,2.28,147.46,35.19,123.18,23.16,8.86,21.48,56.64,51.55,25.28,75.97,11.84,3.93,38,46.37
51.02,244.99,106.86,63.62,79.69,61.34,13.85,45.68,47.43,94.19,12.35,40.12,46.2,60.58,51.18,57.4,19.62,37.71,44.5,56.64,15.68,244.99,106.86,63.62,79.69,61.34,13.85,45.68,47.43,94.19,12.35,40.08,45.98,58.03,62.23,53.6,18.7,42.87,44.54,60.96,23.01,106.86,63.62,79.69,61.34,13.85,45.68,47.43,45.89,65.18,68.97,63.77,9.74,37.38,45.43
62.65,327.25,94.02,75.8,61.8,55.12,23.27,99.49,50.11,107.98,70.54,70.64,36.52,54.7,42.05,43.59,33.32,55.95,35.3,40.38,79.49,327.25,94.02,75.8,61.8,55.12,23.27,99.49,50.11,107.98,70.54,82.21,35.44,53.45,41.75,44.11,33.4,54.73,37.55,42.98,66.3,94.02,75.8,61.8,55.12,23.27,99.49,50.11,34.28,57.34,40.58,43.62,24.22,55.53,32.71
125.04,217.69,123.25,113.49,27.19,163.15,33.47,41.42,182.32,117.05,91.1,139.18,88.51,114.14,46.24,225.42,77.96,54.4,166.73,76.99,197.26,217.69,123.25,113.49,27.19,163.15,33.47,41.42,182.32,117.05,91.1,138.72,93.9,111.26,62.44,184.78,83.7,63.56,156.29,66.55,203.12,123.25,113.49,27.19,163.15,33.47,41.42,182.32,87.24,112.75,42.2,210.68,60,56.36,159.74
221.94,207.26,164.56,109.4,71.99,67.39,36.15,185,158.31,165.97,118.36,208.91,220.69,202.02,177.77,167.03,192.41,339.8,283.78,186.71,232.57,207.26,164.56,109.4,71.99,67.39,36.15,185,158.31,165.97,118.36,208.98,223.72,210.8,179.06,175.15,225.33,326.69,283.49,172.28,232.45,164.56,109.4,71.99,67.39,36.15,185,158.31,220.39,203.91,174.35,169.44,148.55,325.68,282.13
146.13,325.82,97.91,102.4,105.27,104.29,49.91,70.5,143.09,198.98,236.62,224.02,87.82,150.68,160.3,202.48,129.44,111.07,210.16,136.77,214.17,325.82,97.91,102.4,105.27,104.29,49.91,70.5,143.09,198.98,236.62,217.87,109.13,155.1,150.77,192.48,137.51,116.64,203.49,130.31,212.25,97.91,102.4,105.27,104.29,49.91,70.5,143.09,98.35,151.04,157.38,195.97,107.94,112.98,205.48
302.2,177.35,51.59,65.3,75.33,40.85,83.93,76.55,213.91,240.62,90.32,250.27,167.71,185.43,266.17,143.4,336.85,278.05,566.8,283.22,133.93,177.35,51.59,65.3,75.33,40.85,83.93,76.55,213.91,240.62,90.32,247.77,185.45,185.76,262.98,154.98,309.29,277.7,605.95,263.86,128.24,51.59,65.3,75.33,40.85,83.93,76.55,213.91,160.36,174.33,265.48,144.61,292.38,277.88,639.08
68.2,141.73,59.82,52.25,43.99,24.27,179.08,12.06,24.11,131.11,82.04,68.45,64.65,47.79,53.77,34.98,104.96,22.09,23.13,58.9,47.81,141.73,59.82,52.25,43.99,24.27,179.08,12.06,24.11,131.11,82.04,73.06,69.96,45.96,50.02,33.81,105.81,21.22,22.56,55.4,40.86,59.82,52.25,43.99,24.27,179.08,12.06,24.11,70.34,47.26,52.05,32.12,109.96,19.97,21.46
7.55,40.11,64.67,10.1,8.08,6.68,125.14,9.4,18.7,56.92,11.93,6.39,20.54,7.39,4.72,7.03,24.17,12.26,23.61,23.64,12,40.11,64.67,10.1,8.08,6.68,125.14,9.4,18.7,56.92,11.93,2.97,14.03,3.34,1,2.44,24.46,10.08,24.54,23.47,9.92,64.67,10.1,8.08,6.68,125.14,9.4,18.7,19.03,3.67,1.62,4.97,28.17,11.44,17.18
24.12,168.74,23,20.98,24.17,6.02,109.73,10.91,14.95,4.3,2.01,36.79,12.82,22.57,20.14,8.21,22.8,16.72,22.48,5.63,10.97,168.74,23,20.98,24.17,6.02,109.73,10.91,14.95,4.3,2.01,38.71,7.38,19.32,11.01,1.45,20.78,9.46,20.68,3.4,9.28,23,20.98,24.17,6.02,109.73,10.91,14.95,10.82,24.07,15.14,3.32,24.67,11.49,21.83
9.5,131.97,29.08,29.12,15.43,63.49,44.32,11.88,18.89,21.3,0.96,6.42,4.48,9.93,4.37,22.86,3.5,3.92,9.58,8.85,1.02,131.97,29.08,29.12,15.43,63.49,44.32,11.88,18.89,21.3,0.96,3.87,0.99,8.2,1.68,41.2,0.33,0.96,23.47,8.01,0.71,29.08,29.12,15.43,63.49,44.32,11.88,18.89,2.69,10.94,3.44,29.7,1.53,2.64,12.45
0.41,190.79,88.65,12.1,62.81,22.07,21.3,29.05,32.07,28.27,5.74,13.04,11.1,4.47,15.99,6.59,3.51,11.71,12.52,16.86,7.04,190.79,88.65,12.1,62.81,22.07,21.3,29.05,32.07,28.27,5.74,12.43,11.49,3.78,20.77,6.93,2.08,15.53,14.18,14.75,7.59,88.65,12.1,62.81,22.07,21.3,29.05,32.07,14.03,3.83,16.68,6.58,1.98,16.32,13.86
37.69,278.28,120.34,33.07,92.66,83.22,19.57,34.43,50.84,63.11,18.07,44.02,39.56,28.41,47.31,60.84,20.96,58.39,40.48,58.02,30.13,278.28,120.34,33.07,92.66,83.22,19.57,34.43,50.84,63.11,18.07,40.36,41.53,21.62,59.63,86.34,19.88,59.28,34.93,67.14,31.43,120.34,33.07,92.66,83.22,19.57,34.43,50.84,42.05,23.78,50.34,84.84,13.12,67.16,39.34
40.59,208.99,161.84,52.28,52.85,43.27,27.59,52.11,56.87,117.1,18.58,34.23,69.95,49.76,33.95,40.5,39.06,43.04,53.36,70.4,23.57,208.99,161.84,52.28,52.85,43.27,27.59,52.11,56.87,117.1,18.58,32.2,70.87,49.7,32.29,41.31,39.27,43.69,53.39,79.84,26.98,161.84,52.28,52.85,43.27,27.59,52.11,56.87,77.11,51,33.13,40.1,29.71,42.76,56.48
40.31,202.65,105.05,48.14,81.31,39.47,113.66,31.68,71.14,86.82,49.84,43.76,40.8,34.76,55.34,31.21,162.68,17.82,50.12,32.45,56.14,202.65,105.05,48.14,81.31,39.47,113.66,31.68,71.14,86.82,49.84,46.06,40.52,36.18,56.44,33.02,159.42,20.9,49.42,32.14,50.53,105.05,48.14,81.31,39.47,113.66,31.68,71.14,40.72,32.24,65.91,28.8,147.5,15.78,49.47
118.1,152.09,125.93,105.35,63.83,55.17,67.92,58.84,134.85,129.75,30.61,97.23,90.44,105.96,108.53,76.25,158.24,77.26,123.31,85.35,66.27,152.09,125.93,105.35,63.83,55.17,67.92,58.84,134.85,129.75,30.61,97.61,97.11,104.72,114.59,88.67,145.98,94.15,120.11,77.1,85.74,125.93,105.35,63.83,55.17,67.92,58.84,134.85,90.36,104.77,104.5,79.18,129.49,83.05,118.82
245.62,204.6,119.89,96.7,133.04,85.92,33.34,124.12,92.8,209.79,84.97,206.23,160.77,178.56,328.51,212.94,177.44,227.97,166.36,236.02,166.99,204.6,119.89,96.7,133.04,85.92,33.34,124.12,92.8,209.79,84.97,206.26,179.05,185.94,320.22,209.74,196.73,234.24,175.59,229,160.35,119.89,96.7,133.04,85.92,33.34,124.12,92.8,164.36,180.03,322.89,209.23,134.79,228.76,170.73
201.36,241.25,133.57,114.47,94.03,67.86,54.7,114.14,102.24,222.03,207.83,166.82,119.84,168.45,143.19,131.75,141.85,179.83,150.19,152.59,188.1,241.25,133.57,114.47,94.03,67.86,54.7,114.14,102.24,222.03,207.83,163.79,130.77,159.89,140.05,144.94,148.56,167.37,151.42,144.76,188.58,133.57,114.47,94.03,67.86,54.7,114.14,102.24,123.62,163.12,141.04,136.04,118.3,172.95,149.04
232.43,194.3,98.76,154.03,46.4,157.17,103.47,130.28,62.08,216.24,140.49,274.18,321.08,437.39,163.96,551.56,415.27,473.21,164.48,254.51,208.28,194.3,98.76,154.03,46.4,157.17,103.47,130.28,62.08,216.24,140.49,276.07,330.48,436.11,154.84,510.73,372.02,450.58,158.11,214.52,156.56,98.76,154.03,46.4,157.17,103.47,130.28,62.08,320.64,483.07,148.63,539.54,372.29,484.2,153.53
48.65,91.51,47.1,42.6,34.42,19.2,85.51,32.72,61.11,120.06,88.48,44.19,50.91,39,42.1,27.64,50.12,59.87,58.66,53.99,51.61,91.51,47.1,42.6,34.42,19.2,85.51,32.72,61.11,120.06,88.48,41.22,48.98,35.47,39.36,26.52,49.93,60,58.68,49.38,53.55,47.1,42.6,34.42,19.2,85.51,32.72,61.11,48.33,35.34,40.31,24.31,48.31,61.63,58.51
27.84,122.03,78.1,23.78,14.57,4.72,232.25,24.51,9.54,15.86,2.42,19.5,24.8,17.45,8.59,4.96,44.86,31.93,12.04,6.57,2.43,122.03,78.1,23.78,14.57,4.72,232.25,24.51,9.54,15.86,2.42,16.73,25.91,15.73,6.26,3.62,66.6,30.1,10.24,2.18,1.13,78.1,23.78,14.57,4.72,232.25,24.51,9.54,28.66,17.23,7.38,4.46,62.58,33.28,4.27
14.16,22.03,17.82,17.5,26.45,2.43,47.06,11.97,9.1,6.57,0.44,4.82,9.96,18.85,22.03,3.32,9.78,18.36,13.71,8.57,2.41,22.03,17.82,17.5,26.45,2.43,47.06,11.97,9.1,6.57,0.44,0.84,1.4,10.82,27.8,0.57,6.92,18.75,9.26,6.08,1.65,17.82,17.5,26.45,2.43,47.06,11.97,9.1,4.52,15.44,23.5,1.28,9.29,18.7,7.48
9.89,44.34,29.04,12.37,4.68,14.52,45.64,26.98,6.13,3.58,16.74,2.14,4.46,4.21,1.32,5.23,3.61,9,3.12,1.47,17.83,44.34,29.04,12.37,4.68,14.52,45.64,26.98,6.13,3.58,16.74,0.48,4.32,1.46,0.31,4.61,0.55,10.37,0.38,0.39,19.45,29.04,12.37,4.68,14.52,45.64,26.98,6.13,5.77,2.88,0.65,5.57,2.11,10.34,1.81
7.97,175.36,47.06,5.32,16.77,39.55,25.16,29.63,63.67,11.29,8.41,11.99,5.9,1.96,4.24,11.82,4.14,11.95,24.83,6.76,10.3,175.36,47.06,5.32,16.77,39.55,25.16,29.63,63.67,11.29,8.41,10.68,4.11,1.68,2.22,12.11,2.14,9.34,44.24,3.65,10.8,47.06,5.32,16.77,39.55,25.16,29.63,63.67,4.51,1.73,3.34,12.16,1.63,10.83,36.7
11.91,286.31,225.7,51.14,58.29,104.48,20.03,22,69.33,34.36,8.18,45.31,74.14,43.97,29.78,76.39,21.45,37.32,55.2,31.58,13.65,286.31,225.7,51.14,58.29,104.48,20.03,22,69.33,34.36,8.18,53.55,104.97,38.81,27.24,82.74,19.98,35.75,52.96,44.53,14.94,225.7,51.14,58.29,104.48,20.03,22,69.33,103.15,42.32,25.7,90.42,10.83,35.81,59.35
61.68,225.33,107.66,26.47,67.18,40.1,52.62,63.61,36.1,42.62,17.3,36.92,46.52,25.18,43.14,37.54,74.5,52.51,33.86,25.64,21.94,225.33,107.66,26.47,67.18,40.1,52.62,63.61,36.1,42.62,17.3,34.74,46.59,27.27,44.42,38.89,75.57,50.8,33.95,21.59,33.12,107.66,26.47,67.18,40.1,52.62,63.61,36.1,47.48,22.4,46.15,36.24,65.59,52.34,31.11
26.41,219.22,141.65,49.02,45.1,44.02,25.97,57.89,33.89,23.73,9.26,47.33,55.07,35.35,30.7,34.77,37.18,32.54,23.87,8.87,10.44,219.22,141.65,49.02,45.1,44.02,25.97,57.89,33.89,23.73,9.26,49.8,54.92,35.76,29.93,35.89,37.49,33.42,25.52,5.42,17.07,141.65,49.02,45.1,44.02,25.97,57.89,33.89,56.72,35.08,24.29,33.61,23.57,31.33,21.77
112.41,127.93,113.33,75.26,63.58,51.75,140.5,57.98,56.12,92,26.51,81.79,81.39,75.68,108.13,71.53,327.34,76.11,51.31,60.49,57.38,127.93,113.33,75.26,63.58,51.75,140.5,57.98,56.12,92,26.51,82.41,88.88,83.13,108.71,84,250.12,84.96,59.41,51.66,81.56,113.33,75.26,63.58,51.75,140.5,57.98,56.12,79.98,77.86,102.04,74.4,270.29,78.05,51.37
276.87,170.55,208.83,83.03,87.06,68.67,47.59,146.15,120.86,180.78,108.71,171.92,280.06,153.34,214.97,170.2,253.29,268.45,216.65,203.41,213.62,170.55,208.83,83.03,87.06,68.67,47.59,146.15,120.86,180.78,108.71,172.01,271.14,166.2,223.88,179.45,230.42,266.64,213.73,168.95,217.66,208.83,83.03,87.06,68.67,47.59,146.15,120.86,275.41,158.01,212.78,172.69,175.76,263.27,215.26
129.71,257.51,100.04,162.6,94.16,81.75,36.2,86.51,81.69,218.39,121.84,177.03,89.71,239.28,143.36,158.72,93.89,136.32,120.01,150.1,110.29,257.51,100.04,162.6,94.16,81.75,36.2,86.51,81.69,218.39,121.84,175.62,107.59,192.77,151.26,149.93,106.9,143.92,122.12,139.37,113.09,100.04,162.6,94.16,81.75,36.2,86.51,81.69,98.13,217.92,144.55,154.8,68.31,138.46,119.69
178.99,213.05,52.2,49.49,73,67.62,76.96,64.65,81.44,145.51,117.37,300.65,169.71,140.55,257.94,237.31,308.85,234.82,215.79,171.26,174.01,213.05,52.2,49.49,73,67.62,76.96,64.65,81.44,145.51,117.37,315.99,181.6,140.69,253.07,243.42,317.54,240.21,214.45,122.71,163.51,52.2,49.49,73,67.62,76.96,64.65,81.44,157.83,133.7,254.06,237.41,286.17,232.24,211.93
25.53,115.68,25.36,45.15,26.82,24.86,50.7,14.95,52.67,38.2,15.02,55.86,27.38,41.33,32.8,35.83,29.73,27.4,50.58,17.17,8.78,115.68,25.36,45.15,26.82,24.86,50.7,14.95,52.67,38.2,15.02,54.01,24.3,38.99,26.73,34.72,29.37,25.13,50.46,10.57,5.19,25.36,45.15,26.82,24.86,50.7,14.95,52.67,20.64,39.11,26.41,33.26,26.04,21.88,50.16
40.71,165.96,96.8,20.65,35.3,20.48,79.68,7.72,23.92,43.82,7.04,26.52,30.72,15.16,20.76,21.61,15.39,10.06,30.2,18.2,7.08,165.96,96.8,20.65,35.3,20.48,79.68,7.72,23.92,43.82,7.04,45.73,62.39,10.26,51.66,17.53,13.31,5.49,32.52,11.25,3.93,96.8,20.65,35.3,20.48,79.68,7.72,23.92,37.66,11.77,26.49,21.39,15.88,6.72,24.06
9.04,100,79.34,10.51,23.08,10.28,59.17,1.02,41.98,9.08,5.91,21.81,44.32,11.3,19.24,14.03,12.31,1.56,63.07,11.85,32.28,100,79.34,10.51,23.08,10.28,59.17,1.02,41.98,9.08,5.91,13.47,79.77,16.4,21.43,6.93,4.77,0.28,104.71,9.49,34.86,79.34,10.51,23.08,10.28,59.17,1.02,41.98,59.74,14.47,21.72,10.69,7.15,0.27,105.37
23.75,79.39,57.07,22.89,12.91,6.37,39.4,9.81,30.5,7.36,1.78,3.86,8.78,7.81,3.65,2.28,3.09,3.25,15.47,3.04,1.9,79.39,57.07,22.89,12.91,6.37,39.4,9.81,30.5,7.36,1.78,2.92,19.32,6.38,3.09,0.93,0.16,0.61,21.24,1.15,1.47,57.07,22.89,12.91,6.37,39.4,9.81,30.5,10.97,8.49,4,1.52,1.01,1.83,18.65
11.13,125.18,81.29,36.03,20.99,13.54,17.65,36.75,53.23,25.15,0,8.54,10.21,13.25,5.35,4.04,2.91,14.83,20.74,15.01,0,125.18,81.29,36.03,20.99,13.54,17.65,36.75,53.23,25.15,0,4.69,7.37,11.4,3.72,2.88,1.36,12.76,19.9,16.01,0,81.29,36.03,20.99,13.54,17.65,36.75,53.23,7.86,11.55,4.94,3.65,0.84,14.68,22.32
36.13,225.21,73.14,74.02,64.62,50.22,17.39,19.76,31.6,10.36,6.01,35.65,24.04,63.62,33.02,36.7,18.64,33.54,25.17,9.53,10.02,225.21,73.14,74.02,64.62,50.22,17.39,19.76,31.6,10.36,6.01,34.08,30.16,71.41,32.37,30.87,17.35,31.24,13.7,4.73,11.9,73.14,74.02,64.62,50.22,17.39,19.76,31.6,22.6,72.96,29.4,29.63,8.85,29.39,15.72
55.47,306.57,97.44,39.03,39.42,65.07,17.23,41.36,51.02,73.45,9.77,50.2,42.11,37.14,25.3,60.88,24.4,34.16,47.91,44.15,12.39,306.57,97.44,39.03,39.42,65.07,17.23,41.36,51.02,73.45,9.77,52.88,42.2,38.95,19.31,60.49,24.29,36.56,47.88,43.21,18.47,97.44,39.03,39.42,65.07,17.23,41.36,51.02,42.63,35.27,16.33,63.45,17.69,33.69,50.62
67.53,181.99,204.97,57.52,66.73,26.61,49.16,63.53,28.06,144.53,11.67,39.31,79.65,41.51,45.42,21.03,70.36,35.71,19.79,54.02,13.15,181.99,204.97,57.52,66.73,26.61,49.16,63.53,28.06,144.53,11.67,36.18,84.56,42.01,45.18,22.22,70.16,37.7,23.55,56.75,17.72,204.97,57.52,66.73,26.61,49.16,63.53,28.06,93.61,41.08,45.16,19.18,53.86,34.12,16.18
118.81,200.96,215.88,90.64,85.46,153.49,48.16,122.86,64.31,137.32,0.21,128.43,154.99,91.15,145.29,212.07,112.19,161.3,58.81,90.33,0.45,200.96,215.88,90.64,85.46,153.49,48.16,122.86,64.31,137.32,0.21,127.77,139.54,96.31,133.95,181.86,114.8,153.45,67.77,84.46,19.5,215.88,90.64,85.46,153.49,48.16,122.86,64.31,153.66,92.51,138.25,199.87,90.82,155.95,59.53
131.06,218.04,92.93,125.1,165,94.06,41.78,74.14,147.56,185.32,63.04,219.78,124.62,231.01,407.41,233.11,222.41,136.17,264.5,208.5,123.87,218.04,92.93,125.1,165,94.06,41.78,74.14,147.56,185.32,63.04,219.82,146.85,230.64,369.24,234.54,231.29,161.26,251.55,189.68,162.52,92.93,125.1,165,94.06,41.78,74.14,147.56,128.79,228.32,394.76,230.74,169.01,149.53,258.05
210.46,154.41,184.54,81.83,87.23,83.1,24.36,128.14,75.47,217.9,179.15,106.18,165.57,120.42,132.83,161.35,63.16,201.93,110.84,149.76,162.14,154.41,184.54,81.83,87.23,83.1,24.36,128.14,75.47,217.9,179.15,109.56,161.8,126.17,132.14,167.01,96.84,197.32,117.4,140.09,162.48,184.54,81.83,87.23,83.1,24.36,128.14,75.47,160.44,122,131.86,161.93,51.02,197.36,111.82
192.82,244.62,51.14,49.82,44.4,58.71,60.12,47.56,58.58,248.79,124.98,345.14,166.26,141.43,156.87,206.06,241.3,172.74,155.24,292.83,185.31,244.62,51.14,49.82,44.4,58.71,60.12,47.56,58.58,248.79,124.98,368.21,177.06,141.84,146.09,206.83,242.48,179.35,150.57,290.94,153.06,51.14,49.82,44.4,58.71,60.12,47.56,58.58,149.11,126.42,138.77,204.43,208.68,167.88,146.54
66.75,84.26,18.84,35.8,28.84,16.11,192.46,23.99,15.92,113.94,45.43,40.71,20.39,32.74,35.26,23.22,112.82,43.92,15.3,51.22,26.49,84.26,18.84,35.8,28.84,16.11,192.46,23.99,15.92,113.94,45.43,36.78,16.38,33.76,30.67,22.27,113.65,43.42,14.86,46.94,22.4,18.84,35.8,28.84,16.11,192.46,23.99,15.92,12.34,33.1,30.93,20.67,118.44,43.68,13.43
24.17,79.23,45.23,19.98,34.4,3.32,64.96,37.05,13.9,12.49,4.98,12.66,14.36,14.63,20.25,3.49,12.55,48.3,17.57,5.18,5.01,79.23,45.23,19.98,34.4,3.32,64.96,37.05,13.9,12.49,4.98,9.79,7.2,9.85,15.76,0.9,5.15,54.8,17.09,1.64,2.97,45.23,19.98,34.4,3.32,64.96,37.05,13.9,11.99,11.47,19.43,2.03,8.13,55.82,10.64
4.36,121.49,25.47,14.19,27.82,3.23,48.42,15.76,16.84,15.85,0.46,26.5,14.25,15.27,23.19,4.39,10.08,24.19,25.31,20.7,2.51,121.49,25.47,14.19,27.82,3.23,48.42,15.76,16.84,15.85,0.46,50,4.53,11.11,18.21,0.83,2.13,18.57,26.04,16.95,2.08,25.47,14.19,27.82,3.23,48.42,15.76,16.84,11.06,14.2,20.97,1.84,2.77,21.75,29.39
22.35,151.81,57.62,9.36,28.99,6.58,34.97,27.76,3.18,18.79,0.02,7.37,8.84,3.18,8.2,2.34,2.78,9.24,1.62,7.8,0.02,151.81,57.62,9.36,28.99,6.58,34.97,27.76,3.18,18.79,0.02,2.9,7.43,1.47,6.52,0.88,0.16,2.96,0.21,3.65,0.01,57.62,9.36,28.99,6.58,34.97,27.76,3.18,10.28,2.55,8.65,1.55,0.98,7.18,0.84
12.12,110.91,136.98,13.65,45.49,47.49,23.52,43.62,15.2,11.11,0.27,7.56,17.16,5.02,11.58,14.18,3.85,17.6,5.92,6.63,0.33,110.91,136.98,13.65,45.49,47.49,23.52,43.62,15.2,11.11,0.27,5.53,18.27,4.15,6.75,12.91,2.04,20.75,4.77,4.55,0.4,136.98,13.65,45.49,47.49,23.52,43.62,15.2,20.7,4.27,10.32,14.14,1.65,21.99,5.42
64.05,243.44,126.02,16.16,63.62,32.7,19.33,23.63,19.11,18.12,11.66,38.52,41.41,13.89,32.49,23.9,20.74,40.13,15.2,16.65,19.42,243.44,126.02,16.16,63.62,32.7,19.33,23.63,19.11,18.12,11.66,36.58,41.83,8.47,31.33,20.36,19.96,38.56,6.33,16.63,19.54,126.02,16.16,63.62,32.7,19.33,23.63,19.11,43.56,9.69,28.68,19.59,13.68,39.18,6.83
54.4,229.7,121.76,37.01,38.76,34.38,43.48,31.27,37.52,89.24,84.13,37.64,52.61,35.24,24.89,32.2,61.54,25.84,35.17,53.67,106.68,229.7,121.76,37.01,38.76,34.38,43.48,31.27,37.52,89.24,84.13,37.49,53.32,36.54,18.23,34.06,63.57,31.49,35.23,67.01,83.53,121.76,37.01,38.76,34.38,43.48,31.27,37.52,57.09,34.18,14.32,29.82,56.33,25.19,37.81
55.99,232.02,122.17,50.71,68.97,97.35,30.9,26.61,94.37,55.88,8.25,50.09,47.45,36.55,46.97,76.94,44.23,14.96,66.46,20.88,9.27,232.02,122.17,50.71,68.97,97.35,30.9,26.61,94.37,55.88,8.25,50.94,47.62,37.76,46.82,74.28,44.39,17.3,63.04,14.32,19.42,122.17,50.71,68.97,97.35,30.9,26.61,94.37,48.95,34.63,46.89,82.74,31.7,13.14,67.85
133.61,107.34,138.55,90.27,58.62,59.66,102.95,82.61,70.11,129.67,16.85,68.62,99.51,90.78,99.66,82.43,239.84,108.44,64.15,85.3,36.47,107.34,138.55,90.27,58.62,59.66,102.95,82.61,70.11,129.67,16.85,69.95,96.26,101.69,108.91,89.23,207.75,104.17,75.3,80.17,100.63,138.55,90.27,58.62,59.66,102.95,82.61,70.11,98.26,93.9,95.54,82.27,206.74,105.55,65.7
167.37,235.69,229.05,95.77,151.59,43.71,30.14,240.12,170.91,153.12,34.74,237.56,307.16,176.83,374.32,108.35,160.42,441.03,306.38,172.28,68.27,235.69,229.05,95.77,151.59,43.71,30.14,240.12,170.91,153.12,34.74,237.53,293.87,176.69,339.67,122.85,185.23,386.9,297.23,141.03,95.56,229.05,95.77,151.59,43.71,30.14,240.12,170.91,300.75,175.07,361.96,113.34,111.04,404.46,301.05
178.8,151.3,80.54,68.85,86.48,37.28,66.4,137.25,165.29,141.59,98.51,104.03,72.22,101.31,131.72,72.4,172.22,216.26,242.76,97.34,89.18,151.3,80.54,68.85,86.48,37.28,66.4,137.25,165.29,141.59,98.51,106.7,93.36,120.01,131.53,82.51,156.98,187.63,222.26,83.26,89.74,80.54,68.85,86.48,37.28,66.4,137.25,165.29,81.45,108.86,131.49,76.32,145.79,201.91,234.12
402.3,163.95,59.8,106.51,62.75,26.9,76.41,27.44,98.33,129.25,172.8,231.33,194.45,302.47,221.72,94.42,306.67,99.66,260.54,152.13,256.18,163.95,59.8,106.51,62.75,26.9,76.41,27.44,98.33,129.25,172.8,233.71,209.68,302.45,213.06,104.55,307.48,107.49,255.58,91.7,270.86,59.8,106.51,62.75,26.9,76.41,27.44,98.33,182.86,307.61,210,94.98,272.59,93.18,255.55
65.2,74.99,49.77,48.2,57.71,29.97,187.08,14.42,49.32,47.81,47.17,36.23,53.81,44.12,70.55,43.19,109.65,26.39,47.36,21.48,27.53,74.99,49.77,48.2,57.71,29.97,187.08,14.42,49.32,47.81,47.17,34.39,51.53,40.68,77.74,42.41,110.82,24.91,46.94,13.71,22.13,49.77,48.2,57.71,29.97,187.08,14.42,49.32,50.81,40.74,80.35,41.57,116.42,22.88,46.09
18.33,167.9,53.13,15.26,23.56,17.49,164.28,13.74,5.36,25.2,5.21,26.84,16.85,11.18,13.83,18.48,31.73,17.88,6.77,10.46,5.24,167.9,53.13,15.26,23.56,17.49,164.28,13.74,5.36,25.2,5.21,26.12,13.44,6.6,7.4,12.59,34.46,14.87,5.44,4.03,4.07,53.13,15.26,23.56,17.49,164.28,13.74,5.36,16.9,7.55,10.65,17.16,36.78,16.9,1.84
2.78,37.37,34.38,22.14,14.2,24.41,40.23,15.27,2.32,9.09,3.42,8.14,19.2,23.85,11.84,33.29,8.37,23.43,3.49,11.85,18.68,37.37,34.38,22.14,14.2,24.41,40.23,15.27,2.32,9.09,3.42,1.69,5.18,20.67,4.53,47.05,2.12,49.72,2.47,10.89,18.84,34.38,22.14,14.2,24.41,40.23,15.27,2.32,13.24,24.15,7.03,38.82,2.98,30.83,2.11
2.29,183.66,31.62,4.87,42.92,16.95,18.72,22.5,2.06,19.07,8,8.95,4.83,1.67,12.15,6.12,1.5,7.51,1.05,7.93,8.52,183.66,31.62,4.87,42.92,16.95,18.72,22.5,2.06,19.07,8,6.28,4.09,0.47,24.14,6.6,0.05,6.21,0.02,7.03,8.91,31.62,4.87,42.92,16.95,18.72,22.5,2.06,5.23,0.96,16.94,6.68,0.33,8.59,0.26
21.6,118.13,128.57,5.07,2.18,83.53,18.64,22.39,16.83,6.28,15.4,8.08,16.11,1.87,0.55,24.94,3.05,9.03,6.56,3.77,18.89,118.13,128.57,5.07,2.18,83.53,18.64,22.39,16.83,6.28,15.4,3.95,13.05,1.21,0.1,23.54,1.56,5.84,5.24,2.06,19.61,128.57,5.07,2.18,83.53,18.64,22.39,16.83,14.17,1.13,0.3,25.4,1.24,7.18,5.74
54.45,260.21,158.13,42.01,46.39,48.94,18.75,23.51,68.31,19.4,37.75,41.16,51.95,36.11,23.7,35.76,20.1,39.88,54.36,17.83,62.89,260.21,158.13,42.01,46.39,48.94,18.75,23.51,68.31,19.4,37.75,45.93,61.92,31.03,13.89,34.99,18.98,37.79,54.17,12.89,62.05,158.13,42.01,46.39,48.94,18.75,23.51,68.31,62.18,33.55,11.32,35.44,12.27,36.96,58.58
35.91,241.21,129.48,30.17,57.94,23.28,38.72,69.67,37.92,32.69,25.93,39.51,55.97,28.74,37.19,21.76,54.85,57.53,35.56,19.66,32.88,241.21,129.48,30.17,57.94,23.28,38.72,69.67,37.92,32.69,25.93,35.42,56.47,30.56,38.85,23.71,54.74,55.3,35.68,14.97,36.37,129.48,30.17,57.94,23.28,38.72,69.67,37.92,59.87,26.47,39.36,18.89,45.12,57.28,31.83
26.68,219.93,57.14,86.82,38.48,63.59,29.07,64.2,137.96,91.93,35.76,47.5,22.2,62.64,26.19,50.25,41.62,36.1,97.23,34.33,40.27,219.93,57.14,86.82,38.48,63.59,29.07,64.2,137.96,91.93,35.76,49.67,20.49,60.19,25.62,49.35,41.85,37.47,85.88,29.57,43.19,57.14,86.82,38.48,63.59,29.07,64.2,137.96,17.23,68.13,21.62,52.54,28.15,34.92,103.28
124.64,121.28,145.59,73.22,81.91,123.07,75.94,82.26,88.77,109.65,36.04,77.54,104.53,73.64,139.28,170.04,176.92,107.99,81.18,72.13,78.03,121.28,145.59,73.22,81.91,123.07,75.94,82.26,88.77,109.65,36.04,78.81,107.96,84.31,126.97,135.07,143.82,99.25,89.33,63.09,89.13,145.59,73.22,81.91,123.07,75.94,82.26,88.77,104.27,76.29,132.48,158.12,141.48,102.6,81.59
186.31,216.69,98.55,253.62,60.38,47.28,35.18,71.97,118.09,156.44,51.35,218.42,132.15,468.35,149.09,117.18,187.23,132.2,211.69,175.98,100.89,216.69,98.55,253.62,60.38,47.28,35.18,71.97,118.09,156.44,51.35,218.43,144.46,426.77,156.41,136.29,200.13,158.49,216.04,152.03,122.99,98.55,253.62,60.38,47.28,35.18,71.97,118.09,130.33,439.92,145.42,123.86,126.11,145.97,213.43
145.67,254.31,102.11,115.21,62.26,44.6,70.67,102.92,156.94,128.31,155.54,175.2,91.58,169.52,94.82,86.57,183.28,162.19,230.54,88.2,140.75,254.31,102.11,115.21,62.26,44.6,70.67,102.92,156.94,128.31,155.54,172.98,104,165.42,107.59,105.05,169.34,158.27,216.44,68.59,139.71,102.11,115.21,62.26,44.6,70.67,102.92,156.94,94.36,166.24,97.84,94.08,152.61,158.07,223.51
208.2,173.24,48.24,47.13,55.05,25.14,87.31,109.51,152.59,168.85,153.44,244.5,156.87,133.82,194.52,88.25,350.4,397.79,404.29,198.73,227.5,173.24,48.24,47.13,55.05,25.14,87.31,109.51,152.59,168.85,153.44,241.85,168.72,134.22,192.02,101.01,333.62,388.51,425.59,128.36,252.05,48.24,47.13,55.05,25.14,87.31,109.51,152.59,143.12,119.04,190.59,90.56,311.92,402.84,440.1
25.67,65.95,45.57,53.75,34.76,24.89,157.28,33.49,60.63,50.39,65.68,31.88,49.25,49.17,42.48,35.87,92.18,61.3,58.22,22.64,38.32,65.95,45.57,53.75,34.76,24.89,157.28,33.49,60.63,50.39,65.68,27.76,49.62,48.73,38.22,34.9,92.77,61.75,58.96,12.66,39.67,45.57,53.75,34.76,24.89,157.28,33.49,60.63,48.05,49.21,39.24,33.55,96.26,63.24,58.87
12.05,79.57,44.77,19.05,46.29,14.37,108.14,3.61,22.49,33.42,3.85,12.73,14.23,13.94,27.21,15.19,20.92,4.68,28.4,13.87,3.87,79.57,44.77,19.05,46.29,14.37,108.14,3.61,22.49,33.42,3.85,7.73,18.16,9.41,42.37,12,16.87,2.48,26.6,15.26,1.77,44.77,19.05,46.29,14.37,108.14,3.61,22.49,14.75,10.78,35.08,14.87,21.5,2.71,15
15.43,95.69,37.37,19.11,21.99,12.38,35.33,10.49,10.02,16.79,0,20.89,20.86,20.58,18.33,16.89,7.33,16.11,15.08,21.92,0,95.69,37.37,19.11,21.99,12.38,35.33,10.49,10.02,16.79,0,18.41,38.03,18.08,31.83,14.99,1.28,10.65,11.65,17.65,0,37.37,19.11,21.99,12.38,35.33,10.49,10.02,27.64,20.39,22.53,17.04,1.59,12.06,11.2
19.72,89.34,53.93,18.59,3.31,51.73,22.14,27.72,14.69,7.5,3.4,4.38,8.3,6.32,0.92,18.66,1.77,9.25,7.45,3.11,3.63,89.34,53.93,18.59,3.31,51.73,22.14,27.72,14.69,7.5,3.4,2.34,18.49,7.09,0.09,21.7,0.11,6.86,6.89,1.32,2.94,53.93,18.59,3.31,51.73,22.14,27.72,14.69,12.11,6.7,0.23,22.49,0.66,10.1,8.65
13.34,174.33,108.53,13.47,55.97,80.89,18.92,41.27,43.54,23.88,2.17,11.88,13.58,4.95,14.25,24.12,3.1,16.66,16.97,14.25,2.65,174.33,108.53,13.47,55.97,80.89,18.92,41.27,43.54,23.88,2.17,11,25.17,4.04,14.78,28.92,1.71,19.85,16.53,16.01,2.91,108.53,13.47,55.97,80.89,18.92,41.27,43.54,24.39,4.03,14.49,25.96,1.44,19.6,18.18
49.62,189.9,139.61,51.89,70.29,46.82,21.15,13.87,21.4,42.05,18.33,30.06,45.85,44.6,35.89,34.23,22.65,23.54,17.03,38.66,30.54,189.9,139.61,51.89,70.29,46.82,21.15,13.87,21.4,42.05,18.33,25.53,46.61,69.04,25.57,33.93,22.32,20.63,13.69,38.4,31.08,139.61,51.89,70.29,46.82,21.15,13.87,21.4,49.65,54.61,22.89,34.43,17.7,16.39,14.69
42.68,258.94,90.51,49.8,73.69,48.01,30.59,47.6,35.22,63.4,35.59,42.45,39.1,47.41,47.3,44.92,43.31,39.29,33.06,38.14,45.13,258.94,90.51,49.8,73.69,48.01,30.59,47.6,35.22,63.4,35.59,41.93,38.95,47.06,48.78,45.96,42.65,42.06,33.12,33.21,46.89,90.51,49.8,73.69,48.01,30.59,47.6,35.22,38.15,48.89,52.19,44.41,31.1,38.92,31.12
52.68,163.32,119.84,54.95,58.87,41.16,30.48,76.24,86.54,147.01,55.91,35.25,46.56,39.63,40.05,32.55,43.62,42.88,61,54.96,62.96,163.32,119.84,54.95,58.87,41.16,30.48,76.24,86.54,147.01,55.91,32.73,47.08,40.29,40.55,33.96,43.58,43.58,57.49,60.36,66.41,119.84,54.95,58.87,41.16,30.48,76.24,86.54,48.32,38.76,45.1,30.76,33.14,41.73,62.29
140.74,169.73,179.81,93.65,47.22,46.12,58.01,90.63,106.53,176.96,5.4,108.5,129.11,94.18,80.29,63.71,135.15,118.99,97.43,116.39,11.69,169.73,179.81,93.65,47.22,46.12,58.01,90.63,106.53,176.96,5.4,108.9,130.99,99.55,91.87,78.2,126.17,109.57,100.67,110.76,37.25,179.81,93.65,47.22,46.12,58.01,90.63,106.53,129.25,95.38,77.1,67.44,107.18,113.34,95.72
